product_name,drug_varient,product_photo_url,product_url,final_price,original_price,offer,is_in_stock
1Mile Pulse Oximeter - Blue,Mfr: 1 Mile Healthcare,https://www.netmeds.com/images/product-v1/150x150/918867/1mile_pulse_oximeter_blue_0_0.jpg,https://www.netmeds.com/non-prescriptions/1mile-pulse-oximeter-blue-1s,"Rs. 1,125.00","Rs. 4,500.00",75% OFF,True
Tri-Activ Instant Hand Sanitizer 500 ml,Mfr: Piramal Healthcare Ltd,https://www.netmeds.com/images/product-v1/150x150/910016/tri_activ_instant_hand_sanitizer_500_ml_0_1.jpg,https://www.netmeds.com/non-prescriptions/tri-activ-instant-hand-sanitizer-500-ml,Rs. 237.50,Rs. 250.00,5% OFF,True
Medisales PPE Kit,Mfr: Medisales,https://www.netmeds.com/images/product-v1/150x150/910025/medisales_ppe_kit_0_0.jpg,https://www.netmeds.com/non-prescriptions/medisales-ppe-kit-1s,Rs. 974.35,"Rs. 1,499.00",35% OFF,True
Canyearn Medical Infrared Thermometer,Mfr: Canyearn,https://www.netmeds.com/images/product-v1/150x150/908302/canyearn_medical_infrared_thermometer_0_0.jpg,https://www.netmeds.com/non-prescriptions/canyearn-medical-infrared-thermometer-1s,"Rs. 4,205.00","Rs. 14,500.00",71% OFF,True
Cura Home Sanitizer 500 ml,Mfr: CURA PHARMACEUTICALS,https://www.netmeds.com/images/product-v1/150x150/909365/cura_home_sanitizer_500_ml_0_0.jpg,https://www.netmeds.com/non-prescriptions/cura-home-sanitizer-500-ml,Rs. 250.00,None,None,True
Sahyog Wellness Multi Function Non-Contact Body & Object Infrared Thermometer,Mfr: Sahyog Wellness,https://www.netmeds.com/images/product-v1/150x150/902221/sahyog_wellness_multi_function_non_contact_body_object_infrared_thermometer_0_1.jpg,https://www.netmeds.com/non-prescriptions/sahyog-wellness-multi-function-non-contact-body-object-infrared-thermometer,"Rs. 2,159.76","Rs. 8,999.00",76% OFF,True
Avis Kabasura Kudineer Chooranam 100 gm,Mfr: Avis Healthcare Pvt Ltd,https://www.netmeds.com/images/product-v1/150x150/909384/avis_kabasura_kudineer_chooranam_100_gm_0_0.jpg,https://www.netmeds.com/non-prescriptions/avis-kabasura-kudineer-chooranam-100-gm,Rs. 154.80,Rs. 180.00,14% OFF,True
Avis Kabasura Kudineer Chooranam 50 gm,Mfr: Avis Healthcare Pvt Ltd,https://www.netmeds.com/images/product-v1/150x150/909383/avis_kabasura_kudineer_chooranam_50_gm_0_0.jpg,https://www.netmeds.com/non-prescriptions/avis-kabasura-kudineer-chooranam-50-gm,Rs. 95.00,None,None,True
Kapiva Wild Tulsi Giloy Juice 1 ltr,Mfr: Adret Retail Pvt Ltd,https://www.netmeds.com/images/product-v1/150x150/821332/kapiva_tulsi_giloy_juice_1_ltr_0_2.jpg,https://www.netmeds.com/non-prescriptions/kapiva-tulsi-giloy-juice-1-l-1l,Rs. 320.00,Rs. 400.00,20% OFF,True
Sahyog Wellness Digital Thermometer,Mfr: Sahyog Wellness,https://www.netmeds.com/images/product-v1/150x150/902225/sahyog_wellness_digital_thermometer_0_0.jpg,https://www.netmeds.com/non-prescriptions/sahyog-wellness-digital-thermometer-1s,Rs. 105.00,Rs. 250.00,58% OFF,True
Lama Giloy ghanbati Tablet 60's,Mfr: Lama Pharmaceuticals,https://www.netmeds.com/images/product-v1/150x150/915684/lama_giloy_ghanbati_tablet_60s_0_0.jpg,https://www.netmeds.com/non-prescriptions/lama-giloy-ghanbati-tablet-60s,Rs. 75.00,Rs. 100.00,25% OFF,True
Cura Hand Sanitizer 200 ml,Mfr: CURA PHARMACEUTICALS,https://www.netmeds.com/images/product-v1/150x150/907575/cura_hand_sanitizer_200_ml_0_0.jpg,https://www.netmeds.com/non-prescriptions/cura-hand-sanitizer-200-ml,Rs. 100.00,None,None,True
Cura Hand Sanitizer 100 ml,Mfr: CURA PHARMACEUTICALS,https://www.netmeds.com/images/product-v1/150x150/907574/cura_hand_sanitizer_100_ml_0_0.jpg,https://www.netmeds.com/non-prescriptions/cura-hand-sanitizer-100-ml,Rs. 50.00,None,None,True
Dabur Chyawanprash Awaleha 1kg,Mfr: Dabur India Ltd,https://www.netmeds.com/images/product-v1/150x150/313682/dabur_chyawanprash_1_kg_0.jpg,https://www.netmeds.com/non-prescriptions/dabur-chyawanprash-1kg,Rs. 349.00,None,None,True
INLIFE Ashwagandha Ghan Capsules 60's,Mfr: Inlife Pharma Pvt Ltd,https://www.netmeds.com/images/product-v1/150x150/858522/inlife_ashwagandha_ghan_capsules_60_s_0.jpg,https://www.netmeds.com/non-prescriptions/inlife-ashwagandha-extract-500-mg-capsule-60-s,Rs. 274.45,Rs. 499.00,45% OFF,True
Floh Anti Bacterial Face Mask - K N95 (Pack of 20),Mfr: Huizhou Green Communication Equipment Manufacturing Co Ltd,https://www.netmeds.com/images/product-v1/150x150/910015/floh_anti_bacterial_face_mask_kn95_20s_0_0.jpg,https://www.netmeds.com/non-prescriptions/floh-anti-bacterial-face-mask-kn95-20s,"Rs. 4,000.00","Rs. 5,000.00",20% OFF,True
Dettol Hand Sanitizer - Original 50 ml,Mfr: Reckitt Benckiser India Ltd,https://www.netmeds.com/images/product-v1/150x150/15129/dettol_hand_sanitizer_original_50_ml_0.jpg,https://www.netmeds.com/non-prescriptions/dettol-original-hand-sanitizer-50ml,Rs. 25.00,None,None,True
Dabur Honey 1 kg,Mfr: Dabur India Ltd,https://www.netmeds.com/images/product-v1/150x150/840552/dabur_honey_1_kg_0_2.jpg,https://www.netmeds.com/non-prescriptions/dabur-honey-1-kg,Rs. 395.00,None,None,True
Dr. JRK's Kabasura Kudineer Chooranam 50 gm,Mfr: Dr. JRK's Research and Pharmaceuticals Pvt.Ltd,https://www.netmeds.com/images/product-v1/150x150/912280/dr_jrks_kabasura_kudineer_chooranam_50_gm_0_0.jpg,https://www.netmeds.com/non-prescriptions/dr-jrks-kabasura-kudineer-chooranam-50-gm,Rs. 95.00,None,None,True
Covid-19 Immunity + Anti Inflammatory Booster Pack (Curcumin Strips + Vitamin C Strips + Vitamin D Strips) 210's,Mfr: Bonayu Lifesciences Pvt Ltd,https://www.netmeds.com/images/product-v1/150x150/915381/covid_19_immunity_anti_inflammatory_booster_pack_curcumin_strips_vitamin_c_strips_vitamin_d_strips_210s_0_1.jpg,https://www.netmeds.com/non-prescriptions/covid-19-immunity-anti-inflammatory-booster-pack-curcumin-strips-vitamin-c-strips-vitamin-d-strips-210s,"Rs. 1,610.00","Rs. 1,750.00",8% OFF,True
Dr. JRK's Nilavembu Kudineer Churanam (Pack of 10 x 5 gm),Mfr: Dr. JRK's Research and Pharmaceuticals Pvt.Ltd,https://www.netmeds.com/images/product-v1/150x150/912281/dr_jrks_nilavembu_kudineer_churanam_pack_of_10_x_5_gm_0_0.jpg,https://www.netmeds.com/non-prescriptions/dr-jrks-nilavembu-kudineer-churanam-pack-of-10-x-5-gm-1s,Rs. 130.00,None,None,True
Covid-19 Immunity Booster Prophylactic Pack (Multivitamin For Adults Strips + Probiotics Strips) 60's,Mfr: Bonayu Lifesciences Pvt Ltd,https://www.netmeds.com/images/product-v1/150x150/915380/covid_19_immunity_booster_prophylactic_pack_multivitamin_for_adults_strips_probiotics_strips_60s_0_1.jpg,https://www.netmeds.com/non-prescriptions/covid-19-immunity-booster-prophylactic-pack-multivitamin-for-adults-strips-probiotics-strips-60s,"Rs. 1,140.80","Rs. 1,240.00",8% OFF,True
Lama Chyawanprash Awaleha Special Paste 500 gm,Mfr: Lama Pharmaceuticals,https://www.netmeds.com/images/product-v1/150x150/905920/lama_chyawanprash_awaleha_special_paste_500_gm_0_2.jpg,https://www.netmeds.com/non-prescriptions/lama-chyawanprash-awaleha-special-paste-500-gm,Rs. 138.75,Rs. 185.00,25% OFF,True
Organic India Immunity Veg Capsules 60's,Mfr: Organic India Pvt Ltd,https://www.netmeds.com/images/product-v1/150x150/408365/organic_india_immunity_veg_capsules_60_s_0.jpg,https://www.netmeds.com/non-prescriptions/organic-india-immunity-60-capsules,Rs. 202.50,Rs. 225.00,10% OFF,True
AIO Latex Gloves Lightly Powdered (L) 100's,Mfr: 1 Mile Healthcare,https://www.netmeds.com/images/product-v1/150x150/901471/aio_latex_gloves_lightly_powdered_l_100s_0_0.jpg,https://www.netmeds.com/non-prescriptions/aio-latex-gloves-lightly-powdered-l-100s,Rs. 850.00,None,None,True
Patanjali Special Chyawanprash 500 gm,Mfr: Patanjali Ayurved Ltd,https://www.netmeds.com/images/product-v1/150x150/406038/patanjali_special_chyawanprash_500_gm_0.jpg,https://www.netmeds.com/non-prescriptions/patanjali-special-chyawanprash-500gm,Rs. 132.30,Rs. 135.00,2% OFF,True
1Mile Protective Face Shield - Be Alert (400 Micron),Mfr: 1 Mile Healthcare,https://www.netmeds.com/images/product-v1/150x150/915418/1mile_protective_face_shield_be_alert_400_micron_0_0.jpg,https://www.netmeds.com/non-prescriptions/1mile-protective-face-shield-be-alert-400-micron-1s,Rs. 129.00,None,None,True
Covid-19 Immunity Booster Pack (Vitamin C Strips + Vitamin D Strips) 120's,Mfr: Bonayu Lifesciences Pvt Ltd,https://www.netmeds.com/images/product-v1/150x150/915379/covid_19_immunity_booster_pack_vitamin_c_strips_vitamin_d_strips_120s_0_1.jpg,https://www.netmeds.com/non-prescriptions/covid-19-immunity-booster-pack-vitamin-c-strips-vitamin-d-strips-120s,"Rs. 1,058.00","Rs. 1,150.00",8% OFF,True
1Mile Protective Face Shield - Be Alert (400 Micron) 10's,Mfr: 1 Mile Healthcare,https://www.netmeds.com/images/product-v1/150x150/915420/1mile_protective_face_shield_be_alert_400_micron_10s_0_0.jpg,https://www.netmeds.com/non-prescriptions/1mile-protective-face-shield-be-alert-400-micron-10s,Rs. 549.00,None,None,True
1Mile Latex Examination Gloves (L) 100's,Mfr: 1 Mile Healthcare,https://www.netmeds.com/images/product-v1/150x150/826347/1mile_examination_gloves_l_100_s_0.jpg,https://www.netmeds.com/non-prescriptions/1-mile-examination-gloves-l-100-s,Rs. 850.00,None,None,True
INLIFE Immunity Plus Capsules 60's,Mfr: Inlife Pharma Pvt Ltd,https://www.netmeds.com/images/product-v1/150x150/858531/inlife_immunity_plus_capsules_60_s_0.jpg,https://www.netmeds.com/non-prescriptions/inlife-immunity-plus-immune-booster-for-men-women-antioxidant-supplement-capsule-60-s,Rs. 313.85,Rs. 699.00,55.1% OFF,True
Dettol Antiseptic Liquid 550 ml,Mfr: Reckitt Benckiser India Ltd,https://www.netmeds.com/images/product-v1/150x150/835057/dettol_antiseptic_liquid_550_ml_0.jpg,https://www.netmeds.com/non-prescriptions/dettol-antiseptic-liquid-550-ml,Rs. 176.91,None,None,True
1Mile Protective Face Shield - Be Alert (400 Micron) 5's,Mfr: 1 Mile Healthcare,https://www.netmeds.com/images/product-v1/150x150/915419/1mile_protective_face_shield_be_alert_400_micron_5s_0_0.jpg,https://www.netmeds.com/non-prescriptions/1mile-protective-face-shield-be-alert-400-micron-5s,Rs. 299.00,None,None,True
Kapiva Wild Amla Juice 1 ltr,Mfr: Adret Retail Pvt Ltd,https://www.netmeds.com/images/product-v1/150x150/821278/kapiva_amla_juice_1_ltr_0_1.jpg,https://www.netmeds.com/non-prescriptions/kapiva-amla-juice-1-l-1l,Rs. 176.00,Rs. 220.00,20% OFF,True
Ciphands Professional CHG Handrub Solution 500 ml,Mfr: Cipla Ltd(Otc),https://www.netmeds.com/images/product-v1/150x150/914762/ciphands_professional_chg_handrub_solution_500_ml_0_1.jpg,https://www.netmeds.com/non-prescriptions/ciphands-professional-chg-handrub-500-ml,Rs. 199.20,Rs. 249.00,20% OFF,True
Floh Non Contact Digital Infrared Thermometer (PG-IRT1602),Mfr: Guangzhou AXD Electronic Co Ltd,https://www.netmeds.com/images/product-v1/150x150/912655/floh_non_contact_digital_infrared_thermometer_pg_irt1602_0_0.jpg,https://www.netmeds.com/non-prescriptions/floh-non-contact-digital-infrared-thermometer-pg-irt1602-1s,"Rs. 1,499.75","Rs. 5,999.00",75% OFF,True
Ciphands Antiseptic Hand Sanitizer 100 ml,Mfr: Cipla Ltd(Otc),https://www.netmeds.com/images/product-v1/150x150/908599/ciphands_antiseptic_hand_sanitizer_100_ml_0_1.jpg,https://www.netmeds.com/non-prescriptions/ciphands-antiseptic-hand-sanitizer-100-ml,Rs. 35.00,Rs. 50.00,30% OFF,True
Four Seasons Ayurveda Giloy Juice 500 ml,Mfr: Veloce Herbals Pvt Ltd,https://www.netmeds.com/images/product-v1/150x150/902622/four_seasons_ayurveda_giloy_juice_500_ml_0_0.jpg,https://www.netmeds.com/non-prescriptions/four-seasons-ayurveda-giloy-juice-juice-500-ml,Rs. 160.00,None,None,True
Fyne Hand Sanitizer 5 litre,Mfr: Cavinkare Pvt Ltd,https://www.netmeds.com/images/product-v1/150x150/909752/fyne_hand_sanitizer_5_litre_0_0.jpg,https://www.netmeds.com/non-prescriptions/fyne-hand-sanitizer-5-litre,"Rs. 2,125.00","Rs. 2,500.00",15% OFF,True
Soft Hands Non-Sterile Latex Medical Examination Glove (M) 100's,Mfr: Medipride,https://www.netmeds.com/images/product-v1/150x150/909091/medipride_soft_hands_non_sterile_latex_medical_examination_glove_m_100s_0_0.jpg,https://www.netmeds.com/non-prescriptions/medipride-soft-hands-non-sterile-latex-medical-examination-glove-m-100s,"Rs. 1,220.00",None,None,True
Kapiva Thar Aloe Vera Juice 1 ltr,Mfr: Adret Retail Pvt Ltd,https://www.netmeds.com/images/product-v1/150x150/821277/kapiva_aloe_vera_juice_1_ltr_0_1.jpg,https://www.netmeds.com/non-prescriptions/kapiva-aloe-vera-juice-1-l-1l,Rs. 265.00,None,None,True
3-Ply Disposable Surgical Face Mask 10's,Mfr: Yakhi Retail,https://www.netmeds.com/images/product-v1/150x150/912656/3_ply_disposable_surgical_face_mask_10s_0_0.jpg,https://www.netmeds.com/non-prescriptions/3-ply-disposable-surgical-face-mask-10s,Rs. 160.00,None,None,True
3-Ply Disposable Surgical Face Mask 100's,Mfr: Yakhi Retail,https://www.netmeds.com/images/product-v1/150x150/912659/3_ply_disposable_surgical_face_mask_100s_0_0.jpg,https://www.netmeds.com/non-prescriptions/3-ply-disposable-surgical-face-mask-100s,Rs. 520.00,"Rs. 1,000.00",48% OFF,True
3-Ply Disposable Surgical Face Mask 30's,Mfr: Yakhi Retail,https://www.netmeds.com/images/product-v1/150x150/912657/3_ply_disposable_surgical_face_mask_30s_0_0.jpg,https://www.netmeds.com/non-prescriptions/3-ply-disposable-surgical-face-mask-30s,Rs. 378.00,Rs. 420.00,10% OFF,True
FLOH Sharp Hand Sanitizer With 70% IPA & Vitamin E 500 ml,Mfr: Sharp Mint Limited,https://www.netmeds.com/images/product-v1/150x150/909500/floh_sharp_hand_sanitizer_with_70_ipa_vitamin_e_500_ml_0_0.jpg,https://www.netmeds.com/non-prescriptions/floh-sharp-hand-sanitizer-with-70-ipa-vitamin-e-500-ml,Rs. 137.50,Rs. 250.00,45% OFF,True
3-Ply Disposable Surgical Face Mask 50's,Mfr: Yakhi Retail,https://www.netmeds.com/images/product-v1/150x150/912658/3_ply_disposable_surgical_face_mask_50s_0_0.jpg,https://www.netmeds.com/non-prescriptions/3-ply-disposable-surgical-face-mask-50s,Rs. 402.00,Rs. 600.00,33% OFF,True
Baidyanath Chyawanprash Special 500 gm,Mfr: Shree Baidyanath Ayurved Bhawan Pvt Ltd,https://www.netmeds.com/images/product-v1/150x150/823674/baidyanath_chyawanprash_special_500_gm_0.jpg,https://www.netmeds.com/non-prescriptions/baidyanath-chyawanprash-special-500-gm,Rs. 166.50,Rs. 185.00,10% OFF,True
Medigree Protective Medical Coverall,Mfr: Medisales India Pvt Ltd,https://www.netmeds.com/images/product-v1/150x150/911864/medigree_protective_medical_coverall_0_0.jpg,https://www.netmeds.com/non-prescriptions/medigree-protective-medical-coverall-1s,"Rs. 1,295.00",None,None,True
Sansu Sugar Free Immunity Booster Drink 500 ml,Mfr: Sansu Health Care,https://www.netmeds.com/images/product-v1/150x150/916061/sansu_sugar_free_immunity_booster_drink_500_ml_0_0.jpg,https://www.netmeds.com/non-prescriptions/sansu-sugar-free-immunity-booster-drink-500-ml,Rs. 180.00,None,None,True
Dr.Vaidya's Chakaash - Chyawanprash Toffee (Pack of 50),Mfr: Herbolab India Pvt Ltd,https://www.netmeds.com/images/product-v1/150x150/838573/dr_vaidya_s_chakaash_chyawanprash_toffee_pack_of_50_x_188_gm_0.jpg,https://www.netmeds.com/non-prescriptions/dr-vaidyas-chakaash-chyawanprash-toffee-pack-of-50-toffees-188-gm,Rs. 67.00,Rs. 100.00,33% OFF,True
1Mile Latex Examination Gloves (XS) 100's,Mfr: 1 Mile Healthcare,https://www.netmeds.com/images/product-v1/150x150/826344/1mile_examination_gloves_xs_100_s_0.jpg,https://www.netmeds.com/non-prescriptions/1-mile-examination-gloves-xs-100-s,Rs. 850.00,None,None,True
Kapiva Aloe + Shilajeet Juice 1 ltr,Mfr: Adret Retail Pvt Ltd,https://www.netmeds.com/images/product-v1/150x150/821314/kapiva_aloe_shilajeet_juice_1_ltr_0_1.jpg,https://www.netmeds.com/non-prescriptions/kapiva-aloe-shilajeet-juice-1l-1l,Rs. 600.00,None,None,True
Baidyanath Chyawanprash Special 250 gm,Mfr: Shree Baidyanath Ayurved Bhawan Pvt Ltd,https://www.netmeds.com/images/product-v1/150x150/823673/baidyanath_chyawanprash_special_250_gm_0.jpg,https://www.netmeds.com/non-prescriptions/baidyanath-chyawanprash-special-250-gm,Rs. 89.10,Rs. 99.00,10% OFF,True
Axiom Jeevan Ras Wheat Grass Giloye Stem Juice 1 ltr,Mfr: Axiom,https://www.netmeds.com/images/product-v1/150x150/824736/axiom_jeevan_ras_wheat_grass_giloye_stem_juice_1_ltr_0.jpg,https://www.netmeds.com/non-prescriptions/jeevan-ras-wheat-grass-juice-1000-ml-500ml,Rs. 368.00,Rs. 460.00,20% OFF,True
Cura Herbal Hand Wash 500 ml,Mfr: CURA PHARMACEUTICALS,https://www.netmeds.com/images/product-v1/150x150/913277/cura_herbal_hand_wash_500_ml_0_0.jpg,https://www.netmeds.com/non-prescriptions/cura-herbal-hand-wash-500-ml,Rs. 199.00,None,None,True
Floh Disposable Defend 3-Ply Face Mask,Mfr: YIBIN Grace New Materials Ltd Corp,https://www.netmeds.com/images/product-v1/150x150/913098/floh_disposable_defend_3_ply_face_mask_0_0.jpg,https://www.netmeds.com/non-prescriptions/floh-disposable-defend-3-ply-face-mask-1s,Rs. 249.00,None,None,True
KN95 Face Mask (Pack of 2),Mfr: Ankang XHK Industrial Development Co Ltd,https://www.netmeds.com/images/product-v1/150x150/912661/kn95_face_mask_pack_of_2_0_0.jpg,https://www.netmeds.com/non-prescriptions/kn95-face-mask-pack-of-2-1s,Rs. 560.00,Rs. 700.00,20% OFF,True
LFC N95 Mask 1's,Mfr: LFC Pvt Ltd,https://www.netmeds.com/images/product-v1/150x150/916058/lfc_n95_mask_1s_0_0.jpg,https://www.netmeds.com/non-prescriptions/lfc-n95-mask-1s,Rs. 95.00,None,None,True
Axiom Jeevan Ras Peepal Juice 500 ml,Mfr: Axiom,https://www.netmeds.com/images/product-v1/150x150/824705/axiom_jeevan_ras_peepal_juice_500_ml_0.jpg,https://www.netmeds.com/non-prescriptions/jeevan-ras-pipal-swaras-juice-500ml,Rs. 200.00,Rs. 250.00,20% OFF,True
Dettol Liquid Handwash - Skincare 200 ml,Mfr: Reckitt Benckiser India Ltd,https://www.netmeds.com/images/product-v1/150x150/410014/dettol_liquid_handwash_skincare_200_ml_0.jpg,https://www.netmeds.com/non-prescriptions/dettol-skin-care-ph-balanced-handwash-200ml,Rs. 79.00,None,None,True
Dabur Honey Squeezy 400 gm (Buy 1 Get 1 Free),Mfr: Dabur India Ltd,https://www.netmeds.com/images/product-v1/150x150/899743/dabur_honey_squeezy_400_gm_buy_1_get_1_free_0_3.jpg,https://www.netmeds.com/non-prescriptions/dabur-honey-squeezy-400-gm-buy-1-get-1-free,Rs. 300.00,None,None,True
Kerala Ayurveda Chyavanprash 500 gm,Mfr: Kerala Ayurveda Ltd,https://www.netmeds.com/images/product-v1/150x150/825079/kerala_ayurveda_chyavanprash_500_gm_0.jpg,https://www.netmeds.com/non-prescriptions/kerala-ayurveda-chyavanprash-500-gm,Rs. 187.00,Rs. 220.00,15% OFF,True
Sanfe KN95 Face Mask,Mfr: Redroom Technology Private Limited,https://www.netmeds.com/images/product-v1/150x150/914127/sanfe_kn95_face_mask_0_1.jpg,https://www.netmeds.com/non-prescriptions/sanfe-kn95-face-mask-1s,Rs. 129.13,Rs. 349.00,63% OFF,True
Sanfe KN95 Face Mask (Pack of 2),Mfr: Redroom Technology Private Limited,https://www.netmeds.com/images/product-v1/150x150/914131/sanfe_kn95_face_mask_pack_of_2_0_1.jpg,https://www.netmeds.com/non-prescriptions/sanfe-kn95-face-mask-pack-of-2-1s,Rs. 251.28,Rs. 698.00,64% OFF,True
Axiom Herbasip Immuno Booster Juice Shots (Pack of 6 X 50 ml),Mfr: Axiom,https://www.netmeds.com/images/product-v1/150x150/856945/axiom_herbasip_immuno_booster_juice_shots_pack_of_6_x_50_ml_0.jpg,https://www.netmeds.com/non-prescriptions/herbasip-immuno-booster-juice-shots-pack-of-6-shots-x-50-ml,Rs. 144.00,Rs. 180.00,20% OFF,True
Sanfe N95 Face Mask,Mfr: Redroom Technology Private Limited,https://www.netmeds.com/images/product-v1/150x150/914126/sanfe_n95_face_mask_0_2.jpg,https://www.netmeds.com/non-prescriptions/sanfe-n95-face-mask-1s,Rs. 147.63,Rs. 399.00,63% OFF,True
Sanfe N95 Face Mask (Pack of 2),Mfr: Redroom Technology Private Limited,https://www.netmeds.com/images/product-v1/150x150/914130/sanfe_n95_face_mask_pack_of_2_0_1.jpg,https://www.netmeds.com/non-prescriptions/sanfe-n95-face-mask-pack-of-2-1s,Rs. 295.26,Rs. 798.00,63% OFF,True
SanNap Anti-Pollution Face Mask (N95),Mfr: DYEG,https://www.netmeds.com/images/product-v1/150x150/912970/sannap_anti_pollution_face_mask_n95_0_0.jpg,https://www.netmeds.com/non-prescriptions/sannap-anti-pollution-face-mask-n95-1s,Rs. 499.00,None,None,True
Dabur Honey 50 gm,Mfr: Dabur India Ltd,https://www.netmeds.com/images/product-v1/150x150/12729/dabur_honey_50_gm_0.jpg,https://www.netmeds.com/non-prescriptions/dabur-honey-50-gm,Rs. 37.00,None,None,True
Dabur Chyawanprash Awaleha 250 gm,Mfr: Dabur India Ltd,https://www.netmeds.com/images/product-v1/150x150/12748/dabur_chyawanprash_awaleha_250_gm_0.jpg,https://www.netmeds.com/non-prescriptions/dabur-chyawanprash-awaleha-250g,Rs. 99.00,None,None,True
Dabur Chyawanprakash Sugarfree 500 gm,Mfr: Dabur India Ltd,https://www.netmeds.com/images/product-v1/150x150/411206/dabur_chyawanprakash_sugarfree_500_gm_0.jpg,https://www.netmeds.com/non-prescriptions/dabur-chyawanprakash-sugarfree-powder-500gm,Rs. 210.00,None,None,True
Dettol pH Balanced Handwash Refill - Skincare 175 ml,Mfr: Reckitt Benckiser India Ltd,https://www.netmeds.com/images/product-v1/150x150/412368/dettol_ph_balanced_handwash_refill_skincare_175_ml_0.jpg,https://www.netmeds.com/non-prescriptions/dettol-skincare-ph-balanced-hand-wash-refill-175ml,Rs. 40.00,None,None,True
Dettol pH Balanced Handwash - Skincare 900 ml,Mfr: Reckitt Benckiser India Ltd,https://www.netmeds.com/images/product-v1/150x150/15124/dettol_ph_balanced_handwash_skincare_900_ml_0.jpg,https://www.netmeds.com/non-prescriptions/dettol-skincare-ph-balanced-handwash-900ml,Rs. 209.00,None,None,True
1Mile Disposable 3-Ply Face Mask - Green 100's,Mfr: 1 Mile Healthcare,https://www.netmeds.com/images/product-v1/150x150/851284/1mile_disposable_3_ply_face_mask_green_100_s_0.jpg,https://www.netmeds.com/non-prescriptions/1-mile-disposable-3-ply-face-mask-green-100-s,Rs. 525.00,None,None,True
1Mile Disposable 3-Ply Face Mask - White 100's,Mfr: 1 Mile Healthcare,https://www.netmeds.com/images/product-v1/150x150/851283/1mile_disposable_3_ply_face_mask_white_100_s_0.jpg,https://www.netmeds.com/non-prescriptions/1-mile-disposable-3-ply-face-mask-white-100-s,Rs. 525.00,None,None,True
Sahyog Wellness Hot Water Bottle/Bag - Blue,Mfr: Sahyog Wellness,https://www.netmeds.com/images/product-v1/150x150/902228/sahyog_wellness_hot_water_bottle_bag_blue_0_1.jpg,https://www.netmeds.com/non-prescriptions/sahyog-wellness-hot-water-bag-blue,Rs. 195.00,Rs. 300.00,35% OFF,True
Savlon Herbal Sensitive Hand Wash 200 ml,Mfr: Itc India Ltd,https://www.netmeds.com/images/product-v1/150x150/412697/savlon_herbal_sensitive_hand_wash_200_ml_0.jpg,https://www.netmeds.com/non-prescriptions/savlon-herbal-sensitive-hand-wash-200ml-free-savlon-hand-wash-refill-185ml,Rs. 95.00,None,None,True
Savlon Herbal Sensitive Hand Wash 750 ml,Mfr: Itc India Ltd,https://www.netmeds.com/images/product-v1/150x150/852577/savlon_herbal_sensitive_hand_wash_750_ml_0_1.jpg,https://www.netmeds.com/non-prescriptions/savlon-herbal-sensitive-hand-wash-750-ml,Rs. 169.00,None,None,True
Savlon Moisture Shield Hand Wash 750 ml,Mfr: Itc India Ltd,https://www.netmeds.com/images/product-v1/150x150/852578/savlon_moisture_shield_hand_wash_750_ml_0_2.jpg,https://www.netmeds.com/non-prescriptions/savlon-moisture-shield-hand-wash-750-ml,Rs. 169.00,None,None,True
Savlon Moisture Shield Hand Wash 200 ml,Mfr: Itc India Ltd,https://www.netmeds.com/images/product-v1/150x150/412632/savlon_moisture_shield_hand_wash_200_ml_0.jpg,https://www.netmeds.com/non-prescriptions/savlon-moisture-shield-hand-wash-200ml,Rs. 95.00,None,None,True
Sri Sri Tattva Chyawanprash Tonic 250 gm,Mfr: Sriveda Sattva Pvt Ltd,https://www.netmeds.com/images/product-v1/150x150/824337/sri_sri_tattva_chyawanprash_tonic_250_gm_0.jpg,https://www.netmeds.com/non-prescriptions/srisri-tattva-chyawanprash-250gm,Rs. 104.50,Rs. 110.00,5% OFF,True
Sri Sri Tattva Chyawanprash Tonic 500 gm,Mfr: Sriveda Sattva Pvt Ltd,https://www.netmeds.com/images/product-v1/150x150/824338/sri_sri_tattva_chyawanprash_tonic_500_gm_0.jpg,https://www.netmeds.com/non-prescriptions/srisri-tattva-chyawanprash-500gm,Rs. 204.25,Rs. 215.00,5% OFF,True
Sri Sri Tattva Chyawanprash Tonic 1 kg,Mfr: Sriveda Sattva Pvt Ltd,https://www.netmeds.com/images/product-v1/150x150/824339/sri_sri_tattva_chyawanprash_tonic_1_kg_0.jpg,https://www.netmeds.com/non-prescriptions/srisri-tattva-chyawanprash-1kg,Rs. 389.50,Rs. 410.00,5% OFF,True
Dettol Disinfectant Liquid - Menthol Cool 200 ml,Mfr: Reckitt Benckiser India Ltd,https://www.netmeds.com/images/product-v1/150x150/412801/dettol_disinfectant_liquid_menthol_cool_200_ml_0.jpg,https://www.netmeds.com/non-prescriptions/dettol-disinfectant-menthol-cool-liquid-200ml,Rs. 93.10,Rs. 98.00,5% OFF,True
Dettol Soap - Original 125 gm,Mfr: Reckitt Benckiser India Ltd,https://www.netmeds.com/images/product-v1/150x150/410284/dettol_soap_original_125_gm_0.jpg,https://www.netmeds.com/non-prescriptions/dettol-original-soap-125gm,Rs. 47.50,Rs. 50.00,5% OFF,True
Dettol Liquid Handwash - Original 900 ml,Mfr: Reckitt Benckiser India Ltd,https://www.netmeds.com/images/product-v1/150x150/15122/dettol_liquid_handwash_original_900_ml_0.jpg,https://www.netmeds.com/non-prescriptions/dettol-original-liquid-hand-wash-900ml,Rs. 198.55,Rs. 209.00,5% OFF,True
Dettol Soap - Skincare with Moisturizers 75 gm,Mfr: Reckitt Benckiser India Ltd,https://www.netmeds.com/images/product-v1/150x150/15134/dettol_soap_skincare_with_moisturizers_75_gm_0.jpg,https://www.netmeds.com/non-prescriptions/dettol-skincare-with-moisturizers-soap-75gm,Rs. 28.50,Rs. 30.00,5% OFF,True
Sri Sri Tattva Tulasi 500 mg Tablet 60's,Mfr: Sriveda Sattva Pvt Ltd,https://www.netmeds.com/images/product-v1/150x150/824222/sri_sri_tattva_tulasi_500_mg_tablet_60_s_0.jpg,https://www.netmeds.com/non-prescriptions/srisri-tattva-tulasi-tablet-500mg-tablet-60-s,Rs. 123.50,Rs. 130.00,5% OFF,True
Sri Sri Tattva Neem 300 mg Tablet 60's,Mfr: Sriveda Sattva Pvt Ltd,https://www.netmeds.com/images/product-v1/150x150/824216/sri_sri_tattva_neem_300_mg_tablet_60_s_0.jpg,https://www.netmeds.com/non-prescriptions/srisri-tattva-neem-tablet-300mg-tablet-60-s,Rs. 123.50,Rs. 130.00,5% OFF,True
Sri Sri Tattva Flaxseed Oil Veg Capsule 30's,Mfr: Sriveda Sattva Pvt Ltd,https://www.netmeds.com/images/product-v1/150x150/824309/sri_sri_tattva_flaxseed_oil_veg_capsule_30_s_0.jpg,https://www.netmeds.com/non-prescriptions/srisri-tattva-flaxseed-oil-veg-capsule-capsule-3x10,Rs. 199.75,Rs. 235.00,15% OFF,True
Sri Sri Tattva Honey 500 gm,Mfr: Sriveda Sattva Pvt Ltd,https://www.netmeds.com/images/product-v1/150x150/824335/sri_sri_tattva_honey_500_gm_0.jpg,https://www.netmeds.com/non-prescriptions/srisri-tattva-honey-500-gm,Rs. 237.50,Rs. 250.00,5% OFF,True
Dettol Soap - Original 75 gm,Mfr: Reckitt Benckiser India Ltd,https://www.netmeds.com/images/product-v1/150x150/15132/dettol_soap_original_75_gm_0.jpg,https://www.netmeds.com/non-prescriptions/dettol-original-soap-75gm,Rs. 28.50,Rs. 30.00,5% OFF,True
INLIFE Omega 3 Fish Oil 500 mg Capsules 60's,Mfr: Inlife Pharma Pvt Ltd,https://www.netmeds.com/images/product-v1/150x150/858143/inlife_omega_3_fish_oil_500_mg_capsules_60s_0_1.jpg,https://www.netmeds.com/non-prescriptions/inlife-fish-oil-omega-3-supplement-500-mg-60-capsules-60-s,Rs. 249.50,Rs. 499.00,50% OFF,True
INLIFE Multivitamin and Minerals Supplement Tablets 60's,Mfr: Inlife Pharma Pvt Ltd,https://www.netmeds.com/images/product-v1/150x150/858134/inlife_multivitamin_and_minerals_supplement_tablets_60s_0_1.jpg,https://www.netmeds.com/non-prescriptions/inlife-multivitamin-and-minerals-supplement-for-men-and-women-60-s,Rs. 349.20,Rs. 600.00,41.8% OFF,True
Facitize Junior Face Shield Gel 50 ml,Mfr: West Coast Pharmaceutical Works Ltd,https://www.netmeds.com/images/product-v1/150x150/922668/facitize_junior_face_shield_gel_50_ml_0_0.jpg,https://www.netmeds.com/non-prescriptions/facitize-junior-face-shield-gel-50-ml,Rs. 179.00,None,None,True
Facitize Junior Face Shield Gel 100 ml,Mfr: West Coast Pharmaceutical Works Ltd,https://www.netmeds.com/images/product-v1/150x150/922669/facitize_junior_face_shield_gel_100_ml_0_0.jpg,https://www.netmeds.com/non-prescriptions/facitize-junior-face-shield-gel-100-ml,Rs. 299.00,None,None,True
Facitize Face Shield Gel 50 ml,Mfr: West Coast Pharmaceutical Works Ltd,https://www.netmeds.com/images/product-v1/150x150/922666/facitize_face_shield_gel_50_ml_0_0.jpg,https://www.netmeds.com/non-prescriptions/facitize-face-shield-gel-50-ml,Rs. 149.00,None,None,True
Facitize Face Shield Gel 100 ml,Mfr: West Coast Pharmaceutical Works Ltd,https://www.netmeds.com/images/product-v1/150x150/922667/facitize_face_shield_gel_100_ml_0_0.jpg,https://www.netmeds.com/non-prescriptions/facitize-face-shield-gel-100-ml,Rs. 249.00,None,None,True
"HealthVit Fitness ZMA (Zinc,Magnesium & Vitamin B6) Capsules 90's",Mfr: West Coast Pharmaceutical Works Ltd,https://www.netmeds.com/images/product-v1/150x150/815146/healthvit_fitness_zma_zinc_magnesium_vitamin_b6_capsules_90_s_0.jpg,https://www.netmeds.com/non-prescriptions/healthvit-fitness-zma-nightime-recovery-support-capsules-90-s,Rs. 715.00,"Rs. 1,100.00",35% OFF,True
Microshield Pure Ethanol Hand Gel 100 ml,Mfr: Schulke India Pvt Ltd,https://www.netmeds.com/images/product-v1/150x150/931881/microshield_pure_ethanol_hand_gel_100_ml_0_0.jpg,https://www.netmeds.com/non-prescriptions/microshield-pure-ethanol-hand-gel-100-ml,Rs. 250.00,None,None,True
INLIFE Garlic Oil 500 mg Capsules 60's,Mfr: Inlife Pharma Pvt Ltd,https://www.netmeds.com/images/product-v1/150x150/858146/inlife_garlic_oil_500_mg_capsules_60_s_0.jpg,https://www.netmeds.com/non-prescriptions/inlife-natural-garlic-oil-0-25-supplement-500-mg-60-capsules-60-s,Rs. 248.98,Rs. 399.00,37.6% OFF,True
INLIFE Curcumin 95 Advanced 500 mg Vegetarian Capsule 60's,Mfr: Inlife Pharma Pvt Ltd,https://www.netmeds.com/images/product-v1/150x150/858173/inlife_curcumin_95_advanced_500_mg_vegetarian_capsule_60_s_0.jpg,https://www.netmeds.com/non-prescriptions/inlife-turmeric-extract-curcumin-c3-complex-95-curcuminoids-with-piperine-bioperine-supplement-500-mg-60-vegetarian-capsules-60-s,Rs. 649.50,"Rs. 1,299.00",50% OFF,True
Sahyog Wellness Multi Function Non-Contact Forehead & Ear Infrared Thermometer,Mfr: Sahyog Wellness,https://www.netmeds.com/images/product-v1/150x150/902222/sahyog_wellness_multi_function_non_contact_forehead_ear_infrared_thermometer_0_1.jpg,https://www.netmeds.com/non-prescriptions/sahyog-wellness-multi-function-non-contact-forehead-ear-infrared-thermometer,"Rs. 1,149.54","Rs. 2,499.00",54% OFF,True
Similia Dilution Bryonia Alba 200 Liquid 30 ml,Mfr: Similia Homoeo Laboratory,https://www.netmeds.com/images/product-v1/150x150/900188/similia_dilution_bryonia_alba_200_liquid_30_ml_0_0.jpg,https://www.netmeds.com/non-prescriptions/similia-dilution-bryonia-alba-200-liquid-30-ml,Rs. 95.00,None,None,True
Similia Dilution Arsenicum Album 30 Liquid 30 ml,Mfr: Similia Homoeo Laboratory,https://www.netmeds.com/images/product-v1/150x150/900177/similia_dilution_arsenicum_album_30_liquid_30_ml_0_0.jpg,https://www.netmeds.com/non-prescriptions/similia-dilution-arsenicum-album-30-liquid-30-ml,Rs. 85.00,None,None,True
Airwell N95 Anti-Pollution Face Mask with Valve - White 1's,Mfr: Airwell Enterprises,https://www.netmeds.com/images/product-v1/150x150/918608/airwell_n95_anti_pollution_face_mask_with_valve_white_1s_0_1.jpg,https://www.netmeds.com/non-prescriptions/airwell-n95-anti-pollution-face-mask-with-valve-white-1s,Rs. 179.40,Rs. 299.00,40% OFF,True
HealthVit Cenvitan Women (Multivitamin & Multimineral) Tablet 60's,Mfr: West Coast Pharmaceutical Works Ltd,https://www.netmeds.com/images/product-v1/150x150/842857/healthvit_cenvitan_women_multivitamin_multimineral_tablet_60s_0_2.jpg,https://www.netmeds.com/non-prescriptions/healthvit-cenvitan-women-multivitamin-multimineral-60-s,Rs. 467.50,Rs. 550.00,15% OFF,True
HealthAid Childrens Multivitamins & Minerals Tablet 30's,Mfr: Radicura Pharmaceuticals,https://www.netmeds.com/images/product-v1/150x150/802939/healthaid_childrens_multivitamins_minerals_tablet_30s_0_1.jpg,https://www.netmeds.com/non-prescriptions/healthaid-childrens-multivitamins-minerals-tablet-30-s,"Rs. 1,173.00","Rs. 1,380.00",15% OFF,True
Sahyog Wellness SmartBuy Infrared Sensor Automatic Foam/Soap Dispenser - White 300 ml,Mfr: Sahyog Wellness,https://www.netmeds.com/images/product-v1/150x150/919666/sahyog_wellness_smartbuy_infrared_sensor_automatic_foam_soap_dispenser_white_300_ml_0_0.jpg,https://www.netmeds.com/non-prescriptions/sahyog-wellness-smartbuy-infrared-sensor-automatic-foam-soap-dispenser-white-300-ml,"Rs. 1,502.85","Rs. 3,495.00",57% OFF,True
Sahyog Wellness Next Gen OLED Type Fingertip Pulse Oximeter with Recording Feature,Mfr: Sahyog Wellness,https://www.netmeds.com/images/product-v1/150x150/919667/sahyog_wellness_next_gen_oled_type_fingertip_pulse_oximeter_with_recording_feature_0_0.jpg,https://www.netmeds.com/non-prescriptions/sahyog-wellness-next-gen-oled-type-fingertip-pulse-oximeter-with-recording-feature-1s,"Rs. 1,258.20","Rs. 3,495.00",64% OFF,True
Lifebuoy Total Hand Sanitizer Gel 190 ml,Mfr: Hindustan Unilever Ltd,https://www.netmeds.com/images/product-v1/150x150/920716/lifebuoy_total_hand_sanitizer_gel_190_ml_0_0.jpg,https://www.netmeds.com/non-prescriptions/lifebuoy-total-hand-sanitizer-190-ml,Rs. 95.00,None,None,True
HealthVit B-Vit Multivitamin Tablet 60's,Mfr: West Coast Pharmaceutical Works Ltd,https://www.netmeds.com/images/product-v1/150x150/821405/healthvit_b_vit_multivitamin_tablet_60s_0_1.jpg,https://www.netmeds.com/non-prescriptions/healthvit-b-vit-tablet-60-s,Rs. 390.00,Rs. 600.00,35% OFF,True
Garlic Pearls Capsule 100'S,Mfr: Sun Pharmaceutical Industries Ltd,https://www.netmeds.com/images/product-v1/150x150/38049/garlic_pearls_capsule_100_s_0.jpg,https://www.netmeds.com/prescriptions/garlic-pearls-capsule-100-s,Rs. 150.00,None,None,True
Oxysat Fingertip Pulse Oximeter,Mfr: Mitocon Biomed,https://www.netmeds.com/images/product-v1/150x150/921767/oxysat_fingertip_pulse_oximeter_0_0.jpg,https://www.netmeds.com/non-prescriptions/oxysat-fingertip-pulse-oximeter-1s,"Rs. 2,799.00",None,None,True
Similia Echinacea Ang. Herbal Hand Sanitizer 200 ml,Mfr: Similia Homoeo Laboratory,https://www.netmeds.com/images/product-v1/150x150/909475/similia_echinacea_ang_herbal_hand_sanitizer_200_ml_0_0.jpg,https://www.netmeds.com/non-prescriptions/similia-echinacea-ang-herbal-hand-sanitizer-200-ml,Rs. 100.00,None,None,True
Similia Echinacea Ang. Herbal Hand Sanitizer 100 ml,Mfr: Similia Homoeo Laboratory,https://www.netmeds.com/images/product-v1/150x150/909474/similia_echinacea_ang_herbal_hand_sanitizer_100_ml_0_0.jpg,https://www.netmeds.com/non-prescriptions/similia-echinacea-ang-herbal-hand-sanitizer-100-ml,Rs. 50.00,None,None,True
FLOH Sharp Hand Sanitizer With 70% IPA & Vitamin E 120 ml,Mfr: Sharp Mint Limited,https://www.netmeds.com/images/product-v1/150x150/909496/floh_sharp_hand_sanitizer_with_70_ipa_vitamin_e_120_ml_0_0.jpg,https://www.netmeds.com/non-prescriptions/floh-sharp-hand-sanitizer-with-70-ipa-vitamin-e-120-ml,Rs. 36.00,Rs. 60.00,40% OFF,True
FLOH Sharp Hand Sanitizer With 70% IPA & Vitamin E 200 ml,Mfr: Sharp Mint Limited,https://www.netmeds.com/images/product-v1/150x150/909498/floh_sharp_hand_sanitizer_with_70_ipa_vitamin_e_200_ml_0_0.jpg,https://www.netmeds.com/non-prescriptions/floh-sharp-hand-sanitizer-with-70-ipa-vitamin-e-200-ml,Rs. 45.00,Rs. 100.00,55% OFF,True
FLOH Sharp Hand Sanitizer With 70% IPA & Vitamin E 60 ml,Mfr: Sharp Mint Limited,https://www.netmeds.com/images/product-v1/150x150/909492/floh_sharp_hand_sanitizer_with_70_ipa_vitamin_e_60_ml_0_0.jpg,https://www.netmeds.com/non-prescriptions/floh-sharp-hand-sanitizer-with-70-ipa-vitamin-e-60-ml,Rs. 24.90,Rs. 30.00,17% OFF,True
FLOH Sharp Hand Sanitizer With 70% IPA & Vitamin E 100 ml,Mfr: Sharp Mint Limited,https://www.netmeds.com/images/product-v1/150x150/909494/floh_sharp_hand_sanitizer_with_70_ipa_vitamin_e_100_ml_0_0.jpg,https://www.netmeds.com/non-prescriptions/floh-sharp-hand-sanitizer-with-70-ipa-vitamin-e-100-ml,Rs. 32.50,Rs. 50.00,35% OFF,True
LFC N95 5 Layer Face Mask - Family Pack 20's,Mfr: LFC Pvt Ltd,https://www.netmeds.com/images/product-v1/150x150/918735/lfc_n95_5_layer_face_mask_family_pack_pack_of_20_0_0.jpg,https://www.netmeds.com/non-prescriptions/lfc-n95-5-layer-face-mask-family-pack-pack-of-20-1s,"Rs. 1,900.00",None,None,True
Similia Dilution Arsenicum Album 1M Liquid 30 ml,Mfr: Similia Homoeo Laboratory,https://www.netmeds.com/images/product-v1/150x150/900297/similia_dilution_arsenicum_album_1m_liquid_30_ml_0_0.jpg,https://www.netmeds.com/non-prescriptions/similia-dilution-arsenicum-album-1m-liquid-30-ml,Rs. 105.00,None,None,True
Varaa Instant Hand Sanitizer Gel 200 ml,Mfr: Green Cross Health Innovation,https://www.netmeds.com/images/product-v1/150x150/913629/varaa_instant_hand_sanitizer_gel_200_ml_0_0.jpg,https://www.netmeds.com/non-prescriptions/varaa-instant-hand-sanitizer-gel-200-ml,Rs. 100.00,None,None,True
Varaa Instant Hand Sanitizer Gel 1 litre,Mfr: Green Cross Health Innovation,https://www.netmeds.com/images/product-v1/150x150/913631/varaa_instant_hand_sanitizer_gel_1_litre_0_0.jpg,https://www.netmeds.com/non-prescriptions/varaa-instant-hand-sanitizer-gel-1-litre,Rs. 500.00,None,None,True
Varaa Instant Hand Sanitizer Gel 500 ml,Mfr: Green Cross Health Innovation,https://www.netmeds.com/images/product-v1/150x150/913630/varaa_instant_hand_sanitizer_gel_500_ml_0_0.jpg,https://www.netmeds.com/non-prescriptions/varaa-instant-hand-sanitizer-gel-500-ml,Rs. 250.00,None,None,True
Chex KN95 Protective Mask - White (Pack of 20),Mfr: ENETSTUDIOZ INC,https://www.netmeds.com/images/product-v1/150x150/913644/chex_kn95_protective_mask_white_pack_of_20_0_0.jpg,https://www.netmeds.com/non-prescriptions/chex-kn95-protective-mask-white-pack-of-20-1s,"Rs. 5,699.00",None,None,True
Dabur Maharasnadi Kwatha with Guggulu Syrup 450 ml,Mfr: Dabur India Ltd,https://www.netmeds.com/images/product-v1/150x150/889068/dabur_maharasnadi_kwatha_with_guggulu_syrup_450_ml_0_0.jpg,https://www.netmeds.com/non-prescriptions/dabur-maharasnadi-kwatha-with-guggulu-syrup-450-ml,Rs. 185.25,Rs. 195.00,5% OFF,True
Shenzhen Hezhizhou Non-Contact Infrared Thermometer (HT-668) - White,Mfr: ENETSTUDIOZ INC,https://www.netmeds.com/images/product-v1/150x150/913640/shenzhen_hezhizhou_non_contact_infrared_thermometer_ht_668_white_0_0.jpg,https://www.netmeds.com/non-prescriptions/shenzhen-hezhizhou-non-contact-infrared-thermometer-ht-668-white-1s,"Rs. 7,500.00",None,None,True
Comper Infrared Forehead Thermometer - White,Mfr: ENETSTUDIOZ INC,https://www.netmeds.com/images/product-v1/150x150/913637/comper_infrared_forehead_thermometer_white_0_0.jpg,https://www.netmeds.com/non-prescriptions/comper-infrared-forehead-thermometer-white-1s,"Rs. 11,799.00",None,None,True
Savlon Fresh Disinfectant Hand Sanitizer Liquid 100 ml,Mfr: Itc India Ltd,https://www.netmeds.com/images/product-v1/150x150/919780/savlon_fresh_disinfectant_hand_sanitizer_liquid_100_ml_0_0.jpg,https://www.netmeds.com/non-prescriptions/savlon-fresh-disinfectant-hand-sanitizer-liquid-100-ml,Rs. 50.00,None,None,True
Landwind Health Non-Contact Digital Infrared Thermometer (LW FT118) - White,Mfr: ENETSTUDIOZ INC,https://www.netmeds.com/images/product-v1/150x150/913639/landwind_health_non_contact_digital_infrared_thermometer_lw_ft118_white_0_0.jpg,https://www.netmeds.com/non-prescriptions/landwind-health-non-contact-digital-infrared-thermometer-lw-ft118-white-1s,"Rs. 7,500.00",None,None,True
Jumper Non-Contact Forehead Thermometer (JPD-FR202) - White,Mfr: ENETSTUDIOZ INC,https://www.netmeds.com/images/product-v1/150x150/913638/jumper_non_contact_forehead_thermometer_jpd_fr202_white_0_0.jpg,https://www.netmeds.com/non-prescriptions/jumper-non-contact-forehead-thermometer-jpd-fr202-white-1s,"Rs. 8,500.00",None,None,True
Varaa Instant Hand Sanitizer Gel 5 litre,Mfr: Green Cross Health Innovation,https://www.netmeds.com/images/product-v1/150x150/913632/varaa_instant_hand_sanitizer_gel_5_litre_0_0.jpg,https://www.netmeds.com/non-prescriptions/varaa-instant-hand-sanitizer-gel-5-litre,"Rs. 2,500.00",None,None,True
Bacto-V Multi Surface Disinfectant Spray 250 ml,Mfr: Cavinkare Pvt Ltd,https://www.netmeds.com/images/product-v1/150x150/default/no_image.png,https://www.netmeds.com/non-prescriptions/bacto-v-multi-surface-disinfectant-spray-250-ml,Rs. 165.00,None,None,True
Floh Non Contact Digital Infrared Thermometer (AXD-515),Mfr: Guangzhou AXD Electronic Co Ltd,https://www.netmeds.com/images/product-v1/150x150/912654/floh_non_contact_digital_infrared_thermometer_axd_515_0_1.jpg,https://www.netmeds.com/non-prescriptions/floh-non-contact-digital-infrared-thermometer-axd-515-1s,"Rs. 1,499.75","Rs. 5,999.00",75% OFF,True
Vitty Prime Flavoured Nutrition Gummy 20's,Mfr: Nuvomax Nutritionals Private Ltd,https://www.netmeds.com/images/product-v1/150x150/912668/vitty_prime_flavoured_nutrition_gummy_20s_0_0.jpg,https://www.netmeds.com/non-prescriptions/vitty-prime-flavoured-nutrition-gummy-20s,Rs. 295.00,None,None,True
Adult Vitty Maxx Flavoured Nutrition Gummy 20's,Mfr: Nuvomax Nutritionals Private Ltd,https://www.netmeds.com/images/product-v1/150x150/912665/adult_vitty_maxx_flavoured_nutrition_gummy_20s_0_0.jpg,https://www.netmeds.com/non-prescriptions/adult-vitty-maxx-flavoured-nutrition-gummy-20s,Rs. 295.00,None,None,True
Vitty Bonegud Flavoured Nutrition Gummy 20's,Mfr: Nuvomax Nutritionals Private Ltd,https://www.netmeds.com/images/product-v1/150x150/912667/vitty_bonegud_flavoured_nutrition_gummy_20s_0_0.jpg,https://www.netmeds.com/non-prescriptions/vitty-bonegud-flavoured-nutrition-gummy-20s,Rs. 295.00,None,None,True
Kids Vitty Maxx Flavoured Nutrition Gummy 20's,Mfr: Nuvomax Nutritionals Private Ltd,https://www.netmeds.com/images/product-v1/150x150/912666/kids_vitty_maxx_flavoured_nutrition_gummy_20s_0_0.jpg,https://www.netmeds.com/non-prescriptions/kids-vitty-maxx-flavoured-nutrition-gummy-20s,Rs. 295.00,None,None,True
Dettol Long Lasting Hygiene Body Wash - Energize 250 ml,Mfr: Reckitt Benckiser India Ltd,https://www.netmeds.com/images/product-v1/150x150/899365/dettol_long_lasting_hygiene_body_wash_energize_250_ml_0.jpg,https://www.netmeds.com/non-prescriptions/dettol-long-lasting-hygiene-body-wash-energize-250-ml,Rs. 180.00,Rs. 200.00,10% OFF,True
Dettol Long Lasting Hygiene Body Wash - Refresh 250 ml,Mfr: Reckitt Benckiser India Ltd,https://www.netmeds.com/images/product-v1/150x150/899362/dettol_long_lasting_hygiene_body_wash_refresh_250_ml_0.jpg,https://www.netmeds.com/non-prescriptions/dettol-long-lasting-hygiene-body-wash-refresh-250-ml,Rs. 180.00,Rs. 200.00,10% OFF,True
Unisoft Domestic Gloves (M),Mfr: Unisoft Surgical Industries,https://www.netmeds.com/images/product-v1/150x150/15698/unisoft_domestic_gloves_0.jpg,https://www.netmeds.com/non-prescriptions/unisoft-domestic-gloves,Rs. 72.00,Rs. 120.00,40% OFF,True
Tetmosol Medicated Soap 100 gm,Mfr: Piramal Healthcare Ltd,https://www.netmeds.com/images/product-v1/150x150/110947/tetmosol_soap_100_gm_0.jpg,https://www.netmeds.com/non-prescriptions/tetmosol-soap-100gm,Rs. 76.76,Rs. 80.80,5% OFF,True
AIO Latex Gloves Lightly Powdered (S) 100's,Mfr: 1 Mile Healthcare,https://www.netmeds.com/images/product-v1/150x150/901473/aio_latex_gloves_lightly_powdered_s_100s_0_0.jpg,https://www.netmeds.com/non-prescriptions/aio-latex-gloves-lightly-powdered-s-100s,Rs. 850.00,None,None,True
AIO Latex Gloves Lightly Powdered (M) 100's,Mfr: 1 Mile Healthcare,https://www.netmeds.com/images/product-v1/150x150/901472/aio_latex_gloves_lightly_powdered_m_100s_0_0.jpg,https://www.netmeds.com/non-prescriptions/aio-latex-gloves-lightly-powdered-m-100s,Rs. 850.00,None,None,True
AIO Latex Gloves Lightly Powdered (XS) 100's,Mfr: 1 Mile Healthcare,https://www.netmeds.com/images/product-v1/150x150/901474/aio_latex_gloves_lightly_powdered_xs_100s_0_0.jpg,https://www.netmeds.com/non-prescriptions/aio-latex-gloves-lightly-powdered-xs-100s,Rs. 850.00,None,None,True
Airwell 5-Layer N95 Face Mask - Blue,Mfr: Airwell Enterprises,https://www.netmeds.com/images/product-v1/150x150/918911/essentium_phygen_5_layer_n95_face_mask_blue_0_1.jpg,https://www.netmeds.com/non-prescriptions/essentium-phygen-5-layer-n95-face-mask-blue-1s,Rs. 179.40,Rs. 299.00,40% OFF,True
Airwell 5-Layer N95 Face Mask - Pink,Mfr: Airwell Enterprises,https://www.netmeds.com/images/product-v1/150x150/918912/essentium_phygen_5_layer_n95_face_mask_pink_0_1.jpg,https://www.netmeds.com/non-prescriptions/essentium-phygen-5-layer-n95-face-mask-pink-1s,Rs. 179.40,Rs. 299.00,40% OFF,True
Airwell 5-Layer N95 Face Mask - Yellow,Mfr: Airwell Enterprises,https://www.netmeds.com/images/product-v1/150x150/918913/essentium_phygen_5_layer_n95_face_mask_yellow_0_1.jpg,https://www.netmeds.com/non-prescriptions/essentium-phygen-5-layer-n95-face-mask-yellow-1s,Rs. 179.40,Rs. 299.00,40% OFF,True
BodyGuard Disinfectant Spray 100 ml,Mfr: Sirona Hygiene Private Limited,https://www.netmeds.com/images/product-v1/150x150/924063/bodyguard_alcohol_based_disinfectant_spray_100_ml_0_0.jpg,https://www.netmeds.com/non-prescriptions/bodyguard-alcohol-based-disinfectant-spray-100-ml,Rs. 102.81,Rs. 149.00,31% OFF,True
Amrutanjan Nogerms Hand Sanitizer Liquid 60 ml,Mfr: Amrutanjan Ltd,https://www.netmeds.com/images/product-v1/150x150/919967/amrutanjan_nogerms_hand_sanitizer_60_ml_0_0.jpg,https://www.netmeds.com/non-prescriptions/amrutanjan-nogerms-hand-sanitizer-60-ml,Rs. 30.00,None,None,True
BodyGuard Multi-Use Sanitizing Wipes 30's,Mfr: Sirona Hygiene Private Limited,https://www.netmeds.com/images/product-v1/150x150/924060/bodyguard_multi_use_sanitizing_wipes_30s_0_0.jpg,https://www.netmeds.com/non-prescriptions/bodyguard-multi-use-sanitizing-wipes-30s,Rs. 86.40,Rs. 120.00,28% OFF,True
Palmolive Foaming Raspberry Hand Wash 250 ml,Mfr: Colgate Palmolive India Ltd,https://www.netmeds.com/images/product-v1/150x150/410000/palmolive_foaming_raspberry_hand_wash_250_ml_0.jpg,https://www.netmeds.com/non-prescriptions/palmolive-foaming-raspberry-hand-wash-250ml,Rs. 140.00,None,None,True
BodyGuard Fruits & Vegetables Disinfectant Tablet 50's,Mfr: Sirona Hygiene Private Limited,https://www.netmeds.com/images/product-v1/150x150/924075/bodyguard_fruits_and_vegetables_disinfectant_tablets_50s_0_0.jpg,https://www.netmeds.com/non-prescriptions/bodyguard-fruits-and-vegetables-disinfectant-tablets-50s,Rs. 332.26,Rs. 449.00,26% OFF,True
INLIFE Neem Seed Oil Capsules 60's,Mfr: Inlife Pharma Pvt Ltd,https://www.netmeds.com/images/product-v1/150x150/858532/inlife_neem_seed_oil_capsules_60_s_0.jpg,https://www.netmeds.com/non-prescriptions/inlife-neem-seed-oil-supplement-500-mg-capsule-60-s,Rs. 348.80,Rs. 699.00,50.1% OFF,True
INLIFE Energy Booster Capsules 60's,Mfr: Inlife Pharma Pvt Ltd,https://www.netmeds.com/images/product-v1/150x150/858552/inlife_energy_booster_capsules_60_s_0.jpg,https://www.netmeds.com/non-prescriptions/inlife-energy-booster-supplement-tribulus-terrestris-green-coffee-bean-moringa-shilajit-ashwagandha-capsule-60-s,Rs. 349.16,Rs. 799.00,56.3% OFF,True
Revital H Capsule 30'S,Mfr: Sun Pharmaceutical Industries Ltd,https://www.netmeds.com/images/product-v1/150x150/328123/revital_h_capsule_30_s_0.jpg,https://www.netmeds.com/prescriptions/revital-h-capsule-30-s,Rs. 300.00,None,None,True
InfektoCide iSpray Disinfectant Medical Grade Spray 5 litre,Mfr: Antrix Health Care Pvt. Ltd.,https://www.netmeds.com/images/product-v1/150x150/925134/infektocide_ispray_liquid_5_litre_0_0.jpg,https://www.netmeds.com/non-prescriptions/infektocide-ispray-5-litre,"Rs. 1,462.50","Rs. 2,925.00",50% OFF,True
Attal Plastics KN95 Face Mask,Mfr: Attal Plastics,https://www.netmeds.com/images/product-v1/150x150/914893/attal_plastics_kn95_face_mask_0_0.jpg,https://www.netmeds.com/non-prescriptions/attal-plastics-kn95-face-mask-1s,Rs. 200.00,None,None,True
InfektoDerm BKC Surgical Grade Hand Antiseptic Liquid 100 ml,Mfr: Enzi Healthcare,https://www.netmeds.com/images/product-v1/150x150/925135/infektoderm_bkc_surgical_grade_hand_antiseptic_liquid_100_ml_0_1.jpg,https://www.netmeds.com/non-prescriptions/infektoderm-bkc-100-ml,Rs. 50.00,None,None,True
InfektoCide iSpray Disinfectant Medical Grade Spray 500 ml,Mfr: Antrix Health Care Pvt. Ltd.,https://www.netmeds.com/images/product-v1/150x150/925133/infektocide_ispray_500_ml_0_0.jpg,https://www.netmeds.com/non-prescriptions/infektocide-ispray-500-ml,Rs. 250.75,Rs. 425.00,41% OFF,True
Attal Plastics KN95 Face Mask 10's,Mfr: Attal Plastics,https://www.netmeds.com/images/product-v1/150x150/914894/attal_plastics_kn95_face_mask_10s_0_0.jpg,https://www.netmeds.com/non-prescriptions/attal-plastics-kn95-face-mask-10s,"Rs. 1,700.00",None,None,True
Dabur Giloya Satva Powder 50 gm,Mfr: Dabur India Ltd,https://www.netmeds.com/images/product-v1/150x150/15811/dabur_giloya_satva_powder_50_gm_0.jpg,https://www.netmeds.com/non-prescriptions/giloya-satva-ayurvedic-50gm,Rs. 166.25,Rs. 175.00,5% OFF,True
INLIFE Multivitamins and Minerals for Women Capsules 60's,Mfr: Inlife Pharma Pvt Ltd,https://www.netmeds.com/images/product-v1/150x150/858571/inlife_multivitamins_and_minerals_for_women_capsules_60_s_0.jpg,https://www.netmeds.com/non-prescriptions/inlife-multivitamins-and-minerals-vitamins-supplement-for-women-capsule-60-s,Rs. 348.80,Rs. 699.00,50.1% OFF,True
INLIFE Multivitamins and Minerals for Men Capsules 60's,Mfr: Inlife Pharma Pvt Ltd,https://www.netmeds.com/images/product-v1/150x150/858570/inlife_multivitamins_and_minerals_for_men_capsules_60_s_0.jpg,https://www.netmeds.com/non-prescriptions/inlife-multivitamins-and-minerals-vitamins-supplement-for-men-capsule-60-s,Rs. 348.80,Rs. 699.00,50.1% OFF,True
InfektoCide iSpray Disinfectant Medical Grade Spray 100 ml,Mfr: Antrix Health Care Pvt. Ltd.,https://www.netmeds.com/images/product-v1/150x150/925123/infektocide_ispray_100_ml_0_0.jpg,https://www.netmeds.com/non-prescriptions/infektocide-ispray-100-ml,Rs. 100.00,Rs. 125.00,20% OFF,True
InfektoCide Aktiv Professional Disinfectant & Cleaner Liquid 500 ml,Mfr: Antrix Health Care Pvt. Ltd.,https://www.netmeds.com/images/product-v1/150x150/925138/infektocide_aktiv_500_ml_0_0.jpg,https://www.netmeds.com/non-prescriptions/infektocide-aktiv-500-ml,Rs. 507.50,Rs. 725.00,30% OFF,True
InfektoCide Aktiv Professional Disinfectant & Cleaner Liquid 5 litre,Mfr: Antrix Health Care Pvt. Ltd.,https://www.netmeds.com/images/product-v1/150x150/925139/infektocide_aktiv_liquid_5_litre_0_0.jpg,https://www.netmeds.com/non-prescriptions/infektocide-aktiv-5-litre,"Rs. 3,495.75","Rs. 5,925.00",41% OFF,True
InfektoDerm BKC Surgical Grade Hand Antiseptic Liquid 5 litre,Mfr: Enzi Healthcare,https://www.netmeds.com/images/product-v1/150x150/925137/infektoderm_bkc_5_litre_0_0.jpg,https://www.netmeds.com/non-prescriptions/infektoderm-bkc-5-litre,"Rs. 1,075.00","Rs. 2,500.00",57% OFF,True
OrchidsPlus Pro Face Mask - Grey (Pack of 10),Mfr: Requity Applied Sciences Pvt Ltd,https://www.netmeds.com/images/product-v1/150x150/915949/orchidsplus_pro_face_mask_grey_pack_of_10_0_0.jpg,https://www.netmeds.com/non-prescriptions/orchidsplus-pro-face-mask-grey-pack-of-10-10s,Rs. 890.00,None,None,True
OrchidsPlus N-95 Face Mask - White(Pack of 10),Mfr: Requity Applied Sciences Pvt Ltd,https://www.netmeds.com/images/product-v1/150x150/915951/orchidsplus_n_95_face_mask_whitepack_of_10_0_0.jpg,https://www.netmeds.com/non-prescriptions/orchidsplus-n-95-face-mask-whitepack-of-10-10s,"Rs. 1,490.00",None,None,True
OrchidsPlus N-95 Face Mask -White (Pack of 5),Mfr: Requity Applied Sciences Pvt Ltd,https://www.netmeds.com/images/product-v1/150x150/915950/orchidsplus_n_95_face_mask_white_pack_of_5_0_0.jpg,https://www.netmeds.com/non-prescriptions/orchidsplus-n-95-face-mask-white-pack-of-5-5s,Rs. 745.00,None,None,True
Helyxon 98.6 Fever Watch,Mfr: Helyxon Healthcare Solutions Pvt Ltd,https://www.netmeds.com/images/product-v1/150x150/915946/helyxon_98_6_fever_watch_0_0.jpg,https://www.netmeds.com/non-prescriptions/helyxon-98-6-fever-watch-1s,"Rs. 2,124.15","Rs. 2,499.00",15% OFF,True
Lovin Disinfectant Spray Active+ 40 gm,Mfr: Midas Care Pharmaceuticals Pvt Ltd,https://www.netmeds.com/images/product-v1/150x150/914943/lovin_disinfectant_spray_active_40_gm_0_0.jpg,https://www.netmeds.com/non-prescriptions/lovin-disinfectant-spray-active-40-gm,Rs. 99.00,None,None,True
OrchidsPlus Pro Face Mask - Green (Pack of 10),Mfr: Requity Applied Sciences Pvt Ltd,https://www.netmeds.com/images/product-v1/150x150/915961/orchidsplus_pro_face_mask_green_pack_of_10_0_0.jpg,https://www.netmeds.com/non-prescriptions/orchidsplus-pro-face-mask-green-pack-of-10-10s,Rs. 890.00,None,None,True
OrchidsPlus Pro Face Mask - Green (Pack of 5),Mfr: Requity Applied Sciences Pvt Ltd,https://www.netmeds.com/images/product-v1/150x150/915960/orchidsplus_pro_face_mask_green_pack_of_5_0_0.jpg,https://www.netmeds.com/non-prescriptions/orchidsplus-pro-face-mask-green-pack-of-5-5s,Rs. 445.00,None,None,True
OrchidsPlus Pro Face Mask - Grey (Pack of 5),Mfr: Requity Applied Sciences Pvt Ltd,https://www.netmeds.com/images/product-v1/150x150/915962/orchidsplus_pro_face_mask_grey_pack_of_5_0_0.jpg,https://www.netmeds.com/non-prescriptions/orchidsplus-pro-face-mask-grey-pack-of-5-5s,Rs. 445.00,None,None,True
OrchidsPlus Active Face Mask - Grey (Pack of 10),Mfr: Requity Applied Sciences Pvt Ltd,https://www.netmeds.com/images/product-v1/150x150/915957/orchidsplus_active_face_mask_grey_pack_of_10_0_0.jpg,https://www.netmeds.com/non-prescriptions/orchidsplus-active-face-mask-grey-pack-of-10-10s,Rs. 790.00,None,None,True
OrchidsPlus Active Face Mask - Grey (Pack of 5),Mfr: Requity Applied Sciences Pvt Ltd,https://www.netmeds.com/images/product-v1/150x150/915956/orchidsplus_active_face_mask_grey_pack_of_5_0_0.jpg,https://www.netmeds.com/non-prescriptions/orchidsplus-active-face-mask-grey-pack-of-5-5s,Rs. 395.00,None,None,True
OrchidsPlus Pro Face Mask - Beige (Pack of 10),Mfr: Requity Applied Sciences Pvt Ltd,https://www.netmeds.com/images/product-v1/150x150/915959/orchidsplus_pro_face_mask_beige_pack_of_10_0_0.jpg,https://www.netmeds.com/non-prescriptions/orchidsplus-pro-face-mask-beige-pack-of-10-10s,Rs. 890.00,None,None,True
OrchidsPlus Pro Face Mask - Beige (Pack of 5),Mfr: Requity Applied Sciences Pvt Ltd,https://www.netmeds.com/images/product-v1/150x150/915958/orchidsplus_pro_face_mask_beige_pack_of_5_0_0.jpg,https://www.netmeds.com/non-prescriptions/orchidsplus-pro-face-mask-beige-pack-of-5-5s,Rs. 445.00,None,None,True
OrchidsPlus Active Face Mask - Beige (Pack of 10),Mfr: Requity Applied Sciences Pvt Ltd,https://www.netmeds.com/images/product-v1/150x150/915953/orchidsplus_active_face_mask_beige_pack_of_10_0_0.jpg,https://www.netmeds.com/non-prescriptions/orchidsplus-active-face-mask-beige-pack-of-10-10s,Rs. 790.00,None,None,True
OrchidsPlus Active Face Mask - Beige (Pack of 5),Mfr: Requity Applied Sciences Pvt Ltd,https://www.netmeds.com/images/product-v1/150x150/915952/orchidsplus_active_face_mask_beige_pack_of_5_0_0.jpg,https://www.netmeds.com/non-prescriptions/orchidsplus-active-face-mask-beige-pack-of-5-5s,Rs. 395.00,None,None,True
OrchidsPlus Active Face Mask - Green (Pack of 10),Mfr: Requity Applied Sciences Pvt Ltd,https://www.netmeds.com/images/product-v1/150x150/915955/orchidsplus_active_face_mask_green_pack_of_10_0_0.jpg,https://www.netmeds.com/non-prescriptions/orchidsplus-active-face-mask-green-pack-of-10-10s,Rs. 790.00,None,None,True
OrchidsPlus Active Face Mask - Green (Pack of 5),Mfr: Requity Applied Sciences Pvt Ltd,https://www.netmeds.com/images/product-v1/150x150/915954/orchidsplus_active_face_mask_green_pack_of_5_0_0.jpg,https://www.netmeds.com/non-prescriptions/orchidsplus-active-face-mask-green-pack-of-5-5s,Rs. 395.00,None,None,True
Savlon Antiseptic Liquid 50 ml,Mfr: Itc India Ltd,https://www.netmeds.com/images/product-v1/150x150/406020/savlon_antiseptic_liquid_50_ml_0_1.jpg,https://www.netmeds.com/non-prescriptions/savlon-antiseptic-liquid-50ml,Rs. 24.00,None,None,True
Savlon Antiseptic Liquid 100 ml,Mfr: Itc India Ltd,https://www.netmeds.com/images/product-v1/150x150/406018/savlon_antiseptic_liquid_100_ml_0_1.jpg,https://www.netmeds.com/non-prescriptions/savlon-antiseptic-liquid-100ml,Rs. 44.00,None,None,True
VCare Hand Sanitizer Liquid - Lemon Flavour 5 litre,Mfr: Vcare Pharcos,https://www.netmeds.com/images/product-v1/150x150/922119/vcare_hand_sanitizer_liquid_lemon_flavour_5_litre_0_0.jpg,https://www.netmeds.com/non-prescriptions/vcare-hand-sanitizer-liquid-5-litre,"Rs. 2,250.00","Rs. 2,500.00",10% OFF,True
Dettol D95 Mask - Medium,Mfr: Wildcraft India Pvt Ltd,https://www.netmeds.com/images/product-v1/150x150/924222/dettol_d95_mask_medium_0_1.jpg,https://www.netmeds.com/non-prescriptions/dettol-d95-mask-medium-1s,Rs. 299.00,None,None,True
Dettol D95 Mask - Large,Mfr: Wildcraft India Pvt Ltd,https://www.netmeds.com/images/product-v1/150x150/924223/dettol_d95_mask_large_0_1.jpg,https://www.netmeds.com/non-prescriptions/dettol-d95-mask-large-1s,Rs. 299.00,None,None,True
Dettol D95 Mask - Small,Mfr: Wildcraft India Pvt Ltd,https://www.netmeds.com/images/product-v1/150x150/924221/dettol_d95_mask_small_0_1.jpg,https://www.netmeds.com/non-prescriptions/dettol-d95-mask-small-1s,Rs. 299.00,None,None,True
Turmaboost Capsule 10'S,Mfr: Rusan Health Care Pvt Ltd,https://www.netmeds.com/images/product-v1/150x150/852538/turmaboost_capsule_10_s_0.jpg,https://www.netmeds.com/prescriptions/turmaboost-capsule-10-s,Rs. 165.00,None,None,True
Romsons Maxx Goggle,Mfr: Romsons Scientific & Surgical Pvt Ltd,https://www.netmeds.com/images/product-v1/150x150/913970/romsons_maxx_goggle_0_1.jpg,https://www.netmeds.com/non-prescriptions/romsons-maxx-goggle-1s,Rs. 210.00,None,None,True
Chik Hand Sanitizer (Pack of 1440 x 2 ml),Mfr: Cavinkare Pvt Ltd,https://www.netmeds.com/images/product-v1/150x150/default/no_image.png,https://www.netmeds.com/non-prescriptions/chik-hand-sanitizer-pack-of-1440-x-2-ml-2880-ml,"Rs. 1,440.00",None,None,True
Innvolution PPE Kit 1's,Mfr: Innvotion Healthcare Pvt Ltd,https://www.netmeds.com/images/product-v1/150x150/916057/innvolution_ppe_kit_1s_0_0.jpg,https://www.netmeds.com/non-prescriptions/innvolution-ppe-kit-1s,"Rs. 1,300.00",None,None,True
Fast&Up Charge Natural Vitamin C & Zinc Effervesent Tablet - Orange Flavour (Pack of 3 x 20's),Mfr: Aeronutrix Sports Products Private Limited,https://www.netmeds.com/images/product-v1/150x150/885336/fast_up_charge_effervesent_tablet_orange_flavour_pack_of_3_x_20_s_0.jpg,https://www.netmeds.com/non-prescriptions/fast-up-charge-effervesent-tablet-orange-flavour-pack-of-3-x-20-s,Rs. 772.20,"Rs. 1,170.00",34% OFF,True
Cura Mist Hand Sanitizer 500 ml,Mfr: Cura Ayurvedic & Unani Ltd,https://www.netmeds.com/images/product-v1/150x150/916049/cura_mist_hand_sanitizer_500_ml_0_0.jpg,https://www.netmeds.com/non-prescriptions/cura-mist-hand-sanitizer-500-ml,Rs. 250.00,None,None,True
Vitawin Daily Multi Vitamin Capsules 60's,Mfr: Green Cross Health Innovation,https://www.netmeds.com/images/product-v1/150x150/894568/vitawin_daily_multi_vitamin_capsules_60_s_0.jpg,https://www.netmeds.com/non-prescriptions/vitawin-daily-multi-vitamin-capsules-60-s,Rs. 639.20,Rs. 799.00,20% OFF,True
Fast&Up Vitalize Multivitamin Effervescent Tablet - Orange Flavour (Pack of 3 x 20's),Mfr: Aeronutrix Sports Products Private Limited,https://www.netmeds.com/images/product-v1/150x150/885349/fast_up_vitalize_effervescent_tablet_orange_flavour_pack_of_3_x_20_s_0.jpg,https://www.netmeds.com/non-prescriptions/fast-up-vitalize-effervescent-tablet-orange-flavour-pack-of-3-x-20-s,Rs. 865.80,"Rs. 1,170.00",26% OFF,True
Indiklin Reusable Cloth Mask (Pack of 10),Mfr: Rising Sun Enterprise,https://www.netmeds.com/images/product-v1/150x150/923262/indiklin_reusable_cloth_mask_pack_of_10_0_0.jpg,https://www.netmeds.com/non-prescriptions/indiklin-reusable-cloth-mask-pack-of-10-10s,Rs. 346.50,Rs. 990.00,65% OFF,True
