product_photo_url,drug_varient,product_photo_url,product_url,final_price,original_price,offer,is_in_stock
Accu-Chek Active Test Strips 50's,Mfr: Roche Diabetes Care Gmbh,https://www.netmeds.com/images/product-v1/150x150/15580/accu_chek_active_test_strips_50s_0_1.jpg,https://www.netmeds.com/non-prescriptions/accu-chek-active-test-strip-50-s,Rs. 809.25,Rs. 975.00,17% OFF,True
D Protin Chocolate Powder 500 gm,Mfr: British Biologicals,https://www.netmeds.com/images/product-v1/150x150/357753/d_protin_chocolate_powder_500_gm_0.jpg,https://www.netmeds.com/non-prescriptions/d-protin-chocolate-powder-500gm,Rs. 473.96,Rs. 578.00,18% OFF,True
Accu-Chek Active Glucose Monitor with Free 10 Test Strips,Mfr: Roche Diabetes Care Gmbh,https://www.netmeds.com/images/product-v1/150x150/15577/accu_chek_active_glucose_monitor_with_free_10_test_strips_0_3.jpg,https://www.netmeds.com/non-prescriptions/accu-chek-active-glucose-monitor-with-10-strips,"Rs. 1,279.20","Rs. 1,599.00",20% OFF,True
Ensure Diabetes Care Powder - Chocolate Flavour 200 gm (Refill Pack),Mfr: Abbott Healthcare Pvt Ltd,https://www.netmeds.com/images/product-v1/150x150/804123/ensure_diabetes_care_powder_chocolate_flavour_200_gm_refill_pack_0_1.jpg,https://www.netmeds.com/non-prescriptions/ensure-diabetes-care-chocolate-powder-200gm,Rs. 361.00,Rs. 380.00,5% OFF,True
Kapiva Karela Jamun Juice 1 ltr,Mfr: Adret Retail Pvt Ltd,https://www.netmeds.com/images/product-v1/150x150/821331/kapiva_karela_jamun_juice_1_ltr_0_2.jpg,https://www.netmeds.com/non-prescriptions/kapiva-karela-jamun-juice-1-l-1l,Rs. 240.00,Rs. 300.00,20% OFF,True
Pro360 Diabetic Care Powder - Real Badam Flavour 500 gm,Mfr: Gmn Healthcare Pvt Ltd,https://www.netmeds.com/images/product-v1/150x150/901518/pro360_diabetic_powder_real_badam_flavour_500_gm_0_0.jpg,https://www.netmeds.com/non-prescriptions/pro360-diabetic-powder-real-badam-flavour-500-gm,Rs. 573.75,Rs. 675.00,15% OFF,True
Ensure Diabetes Care Powder - Vanilla Flavour 200 gm (Refill Pack),Mfr: Abbott Healthcare Pvt Ltd,https://www.netmeds.com/images/product-v1/150x150/890983/ensure_diabetes_care_powder_vanilla_flavour_200_gm_refill_pack_0_0.jpg,https://www.netmeds.com/non-prescriptions/ensure-diabetes-care-powder-vanilla-flavour-200-gm-refill-pack,Rs. 361.00,Rs. 380.00,5% OFF,True
Accu-Chek Instant Test Strips 50's,Mfr: Roche Diabetes Care Gmbh,https://www.netmeds.com/images/product-v1/150x150/835774/accu_chek_instant_test_strips_50_s_0.jpg,https://www.netmeds.com/non-prescriptions/accu-chek-instant-s-test-strips-50-s,Rs. 819.00,Rs. 975.00,16% OFF,True
Penta Sure DM Diabetes Care Creamy Vanilla and Cinnamon Flavoured Powder 1 kg,Mfr: Hexagon Nutrition Pvt Ltd,https://www.netmeds.com/images/product-v1/150x150/813486/penta_sure_dm_diabetes_care_creamy_vanilla_and_cinnamon_flavoured_powder_1_kg_0.jpg,https://www.netmeds.com/non-prescriptions/pentasure-dm-diabetes-care-creamy-vanilla-amd-cinnamon-flavour-powder-1kg,"Rs. 1,857.60","Rs. 2,322.00",20% OFF,True
Onetouch Select Plus Test Strips 50's,Mfr: Lifescan Scotland Ltd,https://www.netmeds.com/images/product-v1/150x150/895048/onetouch_select_plus_test_strips_50s_0_0.jpg,https://www.netmeds.com/non-prescriptions/onetouch-select-plus-test-strips-50-s,Rs. 952.65,"Rs. 1,095.00",13% OFF,True
Pro360 Diabetic Nutritional Powder - Real Badam Flavour 250 gm,Mfr: Gmn Healthcare Pvt Ltd,https://www.netmeds.com/images/product-v1/150x150/889030/pro360_diabetic_nutritional_powder_real_badam_flavour_250_gm_0.jpg,https://www.netmeds.com/non-prescriptions/pro360-diabetic-nutritional-powder-real-badam-flavour-250-gm,Rs. 314.50,Rs. 370.00,15% OFF,True
Onetouch Select Plus Test Strips 25's,Mfr: Lifescan Scotland Ltd,https://www.netmeds.com/images/product-v1/150x150/895049/onetouch_select_plus_test_strips_25s_0_0.jpg,https://www.netmeds.com/non-prescriptions/onetouch-select-plus-test-strips-25-s,Rs. 512.50,Rs. 625.00,18% OFF,True
Pro360 Diabetic Nutritional Powder - Roasted Coffee Flavour 250 gm,Mfr: Gmn Healthcare Pvt Ltd,https://www.netmeds.com/images/product-v1/150x150/889031/pro360_diabetic_nutritional_powder_roasted_coffee_flavour_250_gm_0.jpg,https://www.netmeds.com/non-prescriptions/pro360-diabetic-nutritional-powder-roasted-coffee-flavour-250-gm,Rs. 314.50,Rs. 370.00,15% OFF,True
Onetouch Verio Test Strip 100's,Mfr: Lifescan Scotland Ltd,https://www.netmeds.com/images/product-v1/150x150/408330/onetouch_verio_test_strip_100_s_0.jpg,https://www.netmeds.com/non-prescriptions/onetouch-verio-test-strip-100-s,"Rs. 1,797.40","Rs. 2,090.00",14% OFF,True
Dr.Vaidya's Diabex Pills 30's,Mfr: Herbolab India Pvt Ltd,https://www.netmeds.com/images/product-v1/150x150/816453/dr_vaidyas_diabex_pills_30s_0_1.jpg,https://www.netmeds.com/non-prescriptions/dr-vaidya-diabex-pills-30-s,Rs. 107.20,Rs. 160.00,33% OFF,True
Onetouch Verio Test Strip 50's,Mfr: Lifescan Scotland Ltd,https://www.netmeds.com/images/product-v1/150x150/408329/onetouch_verio_test_strip_50_s_0.jpg,https://www.netmeds.com/non-prescriptions/onetouch-verio-test-strip-50-s,Rs. 952.65,"Rs. 1,095.00",13% OFF,True
Onetouch Select Test Strip 50's,Mfr: Lifescan Scotland Ltd,https://www.netmeds.com/images/product-v1/150x150/383204/onetouch_select_test_strip_50_s_0.jpg,https://www.netmeds.com/non-prescriptions/onetouch-select-test-strip-50-s,"Rs. 1,007.60","Rs. 1,145.00",12% OFF,True
Accu-Chek Instant S Blood Glucose Monitor with Free 10 Test Strips,Mfr: Roche Diabetes Care Gmbh,https://www.netmeds.com/images/product-v1/150x150/812638/accu_chek_instant_s_blood_glucose_monitor_with_free_10_test_strips_0_4.jpg,https://www.netmeds.com/non-prescriptions/accu-chek-instant-s-blood-glucose-monitor-1-s,Rs. 824.25,"Rs. 1,099.00",25% OFF,True
Narbada Ayurveda Dia Herb Diabetes Herbal Powder 100 gm,Mfr: Narbada Ayurveda,https://www.netmeds.com/images/product-v1/150x150/894933/narbada_ayurveda_dia_herb_diabetes_herbal_powder_100_gm_0.jpg,https://www.netmeds.com/non-prescriptions/narbada-ayurveda-dia-herb-diabetes-herbal-powder-100-gm,Rs. 170.00,Rs. 200.00,15% OFF,True
Onetouch Select Plus Simple Monitor,Mfr: Lifescan Scotland Ltd,https://www.netmeds.com/images/product-v1/150x150/854053/onetouch_select_plus_simple_monitor_0.jpg,https://www.netmeds.com/non-prescriptions/onetouch-select-plus-simple-monitor-1-s,Rs. 959.10,"Rs. 1,390.00",31% OFF,True
Lord's L 118 Diabetes Drops 30 ml,Mfr: Lord's Homeopathic Laboratory Pvt.Ltd,https://www.netmeds.com/images/product-v1/150x150/901917/lords_l_118_diabetes_drops_30_ml_0_0.jpg,https://www.netmeds.com/non-prescriptions/lords-l-118-diabetes-drops-30-ml,Rs. 145.00,None,None,True
Onetouch Select Test Strip 10's,Mfr: Lifescan Scotland Ltd,https://www.netmeds.com/images/product-v1/150x150/382699/onetouch_select_test_strip_10_s_0.jpg,https://www.netmeds.com/non-prescriptions/onetouch-select-test-strip-10-s,Rs. 327.85,Rs. 395.00,17% OFF,True
Onetouch Select Test Strip 25's,Mfr: Lifescan Scotland Ltd,https://www.netmeds.com/images/product-v1/150x150/382870/onetouch_select_test_strip_25_s_0.jpg,https://www.netmeds.com/non-prescriptions/onetouch-select-test-strip-25-s,Rs. 572.00,Rs. 650.00,12% OFF,True
Accu-Chek Aviva Blood Glucose Test Strip 50's,Mfr: Roche Diabetes Care Gmbh,https://www.netmeds.com/images/product-v1/150x150/409980/accu_chek_aviva_blood_glucose_test_strip_50s_0_2.jpg,https://www.netmeds.com/non-prescriptions/accu-chek-aviva-blood-glucose-test-strip-50-s,"Rs. 1,091.09","Rs. 1,199.00",9% OFF,True
Contour Plus Blood Glucose Test Strip 50's,Mfr: Ascensia Diabetes Care,https://www.netmeds.com/images/product-v1/150x150/802997/contour_plus_blood_glucose_test_strip_50_s_0.jpg,https://www.netmeds.com/non-prescriptions/contour-plus-blood-glucose-test-strip-50-s,"Rs. 1,500.00",None,None,True
D Protin Chocolate Powder 200 gm,Mfr: British Biologicals,https://www.netmeds.com/images/product-v1/150x150/101945/d_protin_chocolate_powder_200_gm_0_1.jpg,https://www.netmeds.com/non-prescriptions/d-protin-chocolate-powder-200gm,Rs. 221.00,Rs. 260.00,15% OFF,True
D Protin Vanilla Powder 200 gm,Mfr: British Biologicals,https://www.netmeds.com/images/product-v1/150x150/352543/d_protin_vanilla_powder_200_gm_0_1.jpg,https://www.netmeds.com/non-prescriptions/d-protin-vanilla-powder-200gm,Rs. 221.00,Rs. 260.00,15% OFF,True
Onetouch Verio Flex Meter,Mfr: Lifescan Scotland Ltd,https://www.netmeds.com/images/product-v1/150x150/408327/onetouch_verio_flex_meter_0.jpg,https://www.netmeds.com/non-prescriptions/onetouch-verio-flex-meter,"Rs. 1,225.00","Rs. 1,750.00",30% OFF,True
Axiom Jeevan Ras Karela Jamun Juice 1 ltr,Mfr: Axiom,https://www.netmeds.com/images/product-v1/150x150/824669/axiom_jeevan_ras_karela_jamun_juice_1_ltr_0.jpg,https://www.netmeds.com/non-prescriptions/jeevan-ras-karela-jamun-swaras-juice-500ml,Rs. 240.00,Rs. 300.00,20% OFF,True
Evexia D Manage Vanilla Flavour Powder 200 gm,Mfr: Evexia Nutritions Pvt Ltd,https://www.netmeds.com/images/product-v1/150x150/801190/evexia_d_manage_vanilla_flavour_powder_200_gm_0.jpg,https://www.netmeds.com/non-prescriptions/d-manage-vanilla-flavour-powder-200gm,Rs. 226.20,Rs. 290.00,22% OFF,True
Accu-Chek Softclix Lancets 200's,Mfr: Roche Diabetes Care Gmbh,https://www.netmeds.com/images/product-v1/150x150/404208/accu_chek_softclix_lancets_200_s_0.jpg,https://www.netmeds.com/non-prescriptions/accu-chek-softclix-lancets-200-s,Rs. 486.00,Rs. 600.00,19% OFF,True
Accu-Chek Safe-T-Pro Uno Single-Use Lancing Device 200's,Mfr: Roche Diabetes Care Gmbh,https://www.netmeds.com/images/product-v1/150x150/409870/accu_chek_safe_t_pro_single_use_lancing_device_200_s_0.jpg,https://www.netmeds.com/non-prescriptions/accu-chek-safe-t-pro-uno-single-use-lancing-device-200-s,"Rs. 1,958.00","Rs. 2,200.00",11% OFF,True
Nestle Resource Diabetic Powder - Vanilla Flavour 400 gm (Pet Jar),Mfr: Nestle India Ltd,https://www.netmeds.com/images/product-v1/150x150/14604/nestle_resource_diabetic_powder_vanilla_flavour_400_gm_pet_jar_0_1.jpg,https://www.netmeds.com/non-prescriptions/resource-diabetic-vanilla-flavour-tin-400g,Rs. 711.55,Rs. 749.00,5% OFF,True
Accu-Chek Instant Glucometer with Free 10 Test Strips,Mfr: Roche Diabetes Care Gmbh,https://www.netmeds.com/images/product-v1/150x150/893646/accu_chek_instant_glucometer_with_free_10_test_strips_0_2.jpg,https://www.netmeds.com/non-prescriptions/accu-chek-instant-glucometer,"Rs. 1,347.63","Rs. 1,549.00",13% OFF,True
Accu-Chek Instant Test Strips 25's,Mfr: Roche Diabetes Care Gmbh,https://www.netmeds.com/images/product-v1/150x150/835778/accu_chek_instant_test_strips_25_s_0.jpg,https://www.netmeds.com/non-prescriptions/accu-chek-instant-s-test-strips-25-s,Rs. 666.61,Rs. 749.00,11% OFF,True
Onetouch Select Plus Test Strips 10's,Mfr: Lifescan Scotland Ltd,https://www.netmeds.com/images/product-v1/150x150/896343/onetouch_select_plus_test_strips_10s_0_0.jpg,https://www.netmeds.com/non-prescriptions/onetouch-select-plus-test-strips-10-s,Rs. 300.20,Rs. 395.00,24% OFF,True
Sugar Free Natura 300 Pellets,Mfr: Cadila Healthcare Ltd (Zydus),https://www.netmeds.com/images/product-v1/150x150/14334/sugar_free_natura_300_pellets_0.jpg,https://www.netmeds.com/non-prescriptions/sugar-free-natura-300-pellets,Rs. 184.30,Rs. 190.00,3% OFF,True
Accu-Chek Softclix Lancets 25's,Mfr: Roche Diabetes Care Gmbh,https://www.netmeds.com/images/product-v1/150x150/15584/accu_chek_softclix_lancets_25_s_0.jpg,https://www.netmeds.com/non-prescriptions/accu-chek-softclix-lancets-25-s,Rs. 111.25,Rs. 125.00,11% OFF,True
Onetouch Verio Test Strip 10's,Mfr: Lifescan Scotland Ltd,https://www.netmeds.com/images/product-v1/150x150/408328/onetouch_verio_test_strip_10_s_0.jpg,https://www.netmeds.com/non-prescriptions/onetouch-verio-test-strip-10-s,Rs. 347.60,Rs. 395.00,12% OFF,True
Sugar Free Gold Pellets 110's,Mfr: Cadila Healthcare Ltd (Zydus),https://www.netmeds.com/images/product-v1/150x150/822627/sugar_free_gold_pellets_110_s_0.jpg,https://www.netmeds.com/non-prescriptions/sugar-free-gold-pellets-110-s,Rs. 63.05,Rs. 65.00,3% OFF,True
Zevic Stevia Zero Calorie Powder 200 gm,Mfr: Zevic,https://www.netmeds.com/images/product-v1/150x150/826260/zevic_stevia_zero_calorie_powder_200_gm_0.jpg,https://www.netmeds.com/non-prescriptions/zevic-stevia-zero-calorie-powder-200-gm,Rs. 253.50,Rs. 325.00,22% OFF,True
AccuSure Simple Gluco Meter with 25 Strips,Mfr: Microgene Diagnostic Systems Pvt Ltd,https://www.netmeds.com/images/product-v1/150x150/857447/accusure_simple_gluco_meter_with_25_strips_0.jpg,https://www.netmeds.com/non-prescriptions/accusure-simple-gluco-meter-with-25-strips,Rs. 657.80,"Rs. 1,495.00",56% OFF,True
So Sweet 100% Natural Sugarfree Sweetener Stevia Spoonable Powder 1000 gm,Mfr: Herboveda India,https://www.netmeds.com/images/product-v1/150x150/828507/so_sweet_100_natural_sugarfree_sweetener_stevia_spoonable_powder_1000_gm_0.jpg,https://www.netmeds.com/non-prescriptions/so-sweet-100-natural-sugarfree-sweetener-stevia-spoonable-powder-1000-gm,"Rs. 1,125.00","Rs. 1,500.00",25% OFF,True
Accu-Chek Active Test Strip 10's,Mfr: Roche Diabetes Care Gmbh,https://www.netmeds.com/images/product-v1/150x150/15578/accu_chek_active_test_strip_10s_0_1.jpg,https://www.netmeds.com/non-prescriptions/accu-chek-active-test-strip-10-s,Rs. 378.25,Rs. 425.00,11% OFF,True
Sugar Free Natura Sweet 200 Drops 10 ml,Mfr: Cadila Healthcare Ltd (Zydus),https://www.netmeds.com/images/product-v1/150x150/14373/sugar_free_natura_sweet_200_drops_10_ml_0.jpg,https://www.netmeds.com/non-prescriptions/sugar-free-natura-sweet-200-drops-10ml,Rs. 135.80,Rs. 140.00,3% OFF,True
So Sweet 100% Natural Sugarfree Sweetener Erythritol Powder 1000 gm,Mfr: Herboveda India,https://www.netmeds.com/images/product-v1/150x150/828508/so_sweet_100_natural_sugarfree_sweetener_erythritol_powder_1000_gm_0_1.jpg,https://www.netmeds.com/non-prescriptions/so-sweet-100-natural-sugarfree-sweetener-erythritol-powder-1000-gm,Rs. 675.00,Rs. 900.00,25% OFF,True
Four Seasons Neem Karela Jamun Juice 500 ml,Mfr: Veloce Herbals Pvt Ltd,https://www.netmeds.com/images/product-v1/150x150/902619/four_seasons_ayurveda_neem_karela_jamun_juice_500_ml_0_0.jpg,https://www.netmeds.com/non-prescriptions/four-seasons-ayurveda-neem-karela-jamun-juice-juice-500-ml,Rs. 200.00,None,None,True
Accu-Chek Softclix Lancing Device,Mfr: Roche Diabetes Care Gmbh,https://www.netmeds.com/images/product-v1/150x150/354272/accu_chek_softclix_lancing_device_0.jpg,https://www.netmeds.com/non-prescriptions/accu-chek-softclix-lancing-device,Rs. 378.25,Rs. 425.00,11% OFF,True
Sugar Free Natura Pellet 200's,Mfr: Cadila Healthcare Ltd (Zydus),https://www.netmeds.com/images/product-v1/150x150/14375/sugar_free_natura_pellet_200_s_0.jpg,https://www.netmeds.com/non-prescriptions/sugar-free-natura-pellet-200-s,Rs. 130.95,Rs. 135.00,3% OFF,True
Contour Plus Blood Glucose Monitor with 25 Strips,Mfr: Ascensia Diabetes Care,https://www.netmeds.com/images/product-v1/150x150/408498/contour_plus_blood_glucose_monitor_with_25_strips_0.jpg,https://www.netmeds.com/non-prescriptions/contour-plus-blood-glucose-monitor,"Rs. 1,404.00","Rs. 1,950.00",28% OFF,True
Zevic Stevia Zero Calorie Powder 300 gm,Mfr: Zevic,https://www.netmeds.com/images/product-v1/150x150/826261/zevic_stevia_zero_calorie_powder_300_gm_0.jpg,https://www.netmeds.com/non-prescriptions/zevic-stevia-zero-calorie-powder-300-gm,Rs. 391.00,Rs. 460.00,15% OFF,True
Onetouch Ultra Test Strip 50's,Mfr: Lifescan Scotland Ltd,https://www.netmeds.com/images/product-v1/150x150/380036/onetouch_ultra_test_strip_50_s_0.jpg,https://www.netmeds.com/non-prescriptions/onetouch-ultra-test-strip-50-s,"Rs. 1,367.10","Rs. 1,395.00",2% OFF,True
Accu-Chek Instant Test Strips 10's,Mfr: Roche Diabetes Care Gmbh,https://www.netmeds.com/images/product-v1/150x150/835773/accu_chek_instant_test_strips_10_s_0.jpg,https://www.netmeds.com/non-prescriptions/accu-chek-instant-s-test-strips-10-s,Rs. 378.25,Rs. 425.00,11% OFF,True
Onetouch Ultra Soft Lancets 25's,Mfr: Lifescan Scotland Ltd,https://www.netmeds.com/images/product-v1/150x150/406403/onetouch_ultra_soft_lancets_25_s_0.jpg,https://www.netmeds.com/non-prescriptions/onetouch-ultra-soft-lancets-25-s,Rs. 148.75,Rs. 175.00,15% OFF,True
Contour Plus One Meter with 25 Strips,Mfr: Ascensia Diabetes Care,https://www.netmeds.com/images/product-v1/150x150/801691/contour_plus_one_meter_with_25_strips_0.jpg,https://www.netmeds.com/non-prescriptions/contour-plus-one-meter-with-25-strips-device-1-s,"Rs. 1,391.13","Rs. 1,599.00",13% OFF,True
Accu-Chek Active Test Strip 25's,Mfr: Roche Diabetes Care Gmbh,https://www.netmeds.com/images/product-v1/150x150/15579/accu_chek_active_test_strip_25_s_0.jpg,https://www.netmeds.com/non-prescriptions/accu-chek-active-test-strip-25-s,Rs. 666.61,Rs. 749.00,11% OFF,True
AccuSure Simple Gluco Test Strip 50's,Mfr: Microgene Diagnostic Systems Pvt Ltd,https://www.netmeds.com/images/product-v1/150x150/857449/accusure_simple_gluco_test_strip_50_s_0.jpg,https://www.netmeds.com/non-prescriptions/accusure-simple-gluco-test-strip-50-s,Rs. 977.50,"Rs. 1,150.00",15% OFF,True
Pristine Balance DM Nutrition Powder - Vanilla Flavour 200 gm (Tin),Mfr: Pristine Organics Pvt Ltd,https://www.netmeds.com/images/product-v1/150x150/823825/pristine_balance_dm_nutrition_powder_vanilla_flavour_200_gm_tin_0.jpg,https://www.netmeds.com/non-prescriptions/pristine-balance-dm-200-gm,Rs. 204.00,Rs. 240.00,15% OFF,True
Sri Sri Tattva Mehantaka Vati 1000 mg Tablet 60's,Mfr: Sriveda Sattva Pvt Ltd,https://www.netmeds.com/images/product-v1/150x150/824190/sri_sri_tattva_mehantaka_vati_1000_mg_tablet_60_s_0.jpg,https://www.netmeds.com/non-prescriptions/srisri-tattva-mehantaka-vati-1000mg-tablet-60-s,Rs. 202.50,Rs. 225.00,10% OFF,True
Sri Sri Tattva Fenugreek Oil Veg Capsule 30's,Mfr: Sriveda Sattva Pvt Ltd,https://www.netmeds.com/images/product-v1/150x150/824308/sri_sri_tattva_fenugreek_oil_veg_capsule_30_s_0.jpg,https://www.netmeds.com/non-prescriptions/srisri-tattva-fenugreek-oil-veg-capsule-30-s,Rs. 318.75,Rs. 375.00,15% OFF,True
Sri Sri Tattva Flaxseed Oil Veg Capsule 30's,Mfr: Sriveda Sattva Pvt Ltd,https://www.netmeds.com/images/product-v1/150x150/824309/sri_sri_tattva_flaxseed_oil_veg_capsule_30_s_0.jpg,https://www.netmeds.com/non-prescriptions/srisri-tattva-flaxseed-oil-veg-capsule-capsule-3x10,Rs. 199.75,Rs. 235.00,15% OFF,True
Sri Sri Tattva No Added Sugar Juice - Karela Jamun 1000 ml,Mfr: Sriveda Sattva Pvt Ltd,https://www.netmeds.com/images/product-v1/150x150/824341/sri_sri_tattva_no_added_sugar_juice_karela_jamun_1000_ml_0.jpg,https://www.netmeds.com/non-prescriptions/srisri-tattva-karela-jamun-juice-1000ml,Rs. 266.00,Rs. 280.00,5% OFF,True
Sri Sri Tattva No Added Sugar Juice - Karela Jamun 500 ml,Mfr: Sriveda Sattva Pvt Ltd,https://www.netmeds.com/images/product-v1/150x150/824342/sri_sri_tattva_no_added_sugar_juice_karela_jamun_500_ml_0.jpg,https://www.netmeds.com/non-prescriptions/srisri-tattva-karela-jamun-juice-500ml,Rs. 142.50,Rs. 150.00,5% OFF,True
Sugar Free Natura Sachet 25's,Mfr: Cadila Healthcare Ltd (Zydus),https://www.netmeds.com/images/product-v1/150x150/14336/sugar_free_natura_sachet_25s_0_1.jpg,https://www.netmeds.com/non-prescriptions/sugar-free-natura-sachet-25-s,Rs. 40.74,Rs. 42.00,3% OFF,True
Sugar Free Natura Sachet 50's,Mfr: Cadila Healthcare Ltd (Zydus),https://www.netmeds.com/images/product-v1/150x150/14337/sugar_free_natura_sachet_50s_0_1.jpg,https://www.netmeds.com/non-prescriptions/sugar-free-natura-sachet-50-s,Rs. 77.60,Rs. 80.00,3% OFF,True
Swadeshi Jamun Churna Powder 100 gm,Mfr: Swadeshi,https://www.netmeds.com/images/product-v1/150x150/827420/swadeshi_jamun_churna_powder_100_gm_0.jpg,https://www.netmeds.com/non-prescriptions/swadeshi-jamun-churna-no-100gm,Rs. 51.00,Rs. 60.00,15% OFF,True
Swadeshi Karela Churna Powder 100 gm,Mfr: Swadeshi,https://www.netmeds.com/images/product-v1/150x150/827422/swadeshi_karela_churna_powder_100_gm_0.jpg,https://www.netmeds.com/non-prescriptions/swadeshi-karela-churna-no-100gm,Rs. 43.40,Rs. 62.00,30% OFF,True
Swadeshi Karela Jamun Churna Powder 100 gm,Mfr: Swadeshi,https://www.netmeds.com/images/product-v1/150x150/827423/swadeshi_karela_jamun_churna_powder_100_gm_0.jpg,https://www.netmeds.com/non-prescriptions/swadeshi-karela-jamun-churna-no-100gm,Rs. 45.50,Rs. 65.00,30% OFF,True
Aimil Purodil Syrup 200 ml,Mfr: Aimil Pharmaceuticals Ltd,https://www.netmeds.com/images/product-v1/150x150/380947/purodil_syrup_200ml_0_1.jpg,https://www.netmeds.com/non-prescriptions/purodil-syrup-200ml,Rs. 200.25,Rs. 225.00,11% OFF,True
4Blud Tablet 30'S,Mfr: Apex Laboratories Pvt Ltd,https://www.netmeds.com/images/product-v1/150x150/301088/4blud_tablet_30_s_0.jpg,https://www.netmeds.com/non-prescriptions/4blud-tablet-30-s,Rs. 124.60,Rs. 140.00,11% OFF,True
Sugar Free Natura Diet Sugar Powder 80 gm,Mfr: Cadila Healthcare Ltd (Zydus),https://www.netmeds.com/images/product-v1/150x150/14372/sugar_free_natura_diet_sugar_powder_80_gm_0.jpg,https://www.netmeds.com/non-prescriptions/sugar-free-natura-diet-sugar-powder-80gm,Rs. 225.60,Rs. 240.00,6% OFF,True
Narbada Ayurveda Natural Flax Seeds (Pack of 4 x 100 gm),Mfr: Narbada Ayurveda,https://www.netmeds.com/images/product-v1/150x150/903203/narbada_ayurveda_natural_flax_seeds_pack_of_4_x_100_gm_0_0.jpg,https://www.netmeds.com/non-prescriptions/narbada-ayurveda-natural-flax-seeds-pack-of-4-x-100-gm-1s,Rs. 258.40,Rs. 272.00,5% OFF,True
Swadeshi Diabt -82 Tablet 60's,Mfr: Swadeshi,https://www.netmeds.com/images/product-v1/150x150/827459/swadeshi_diabt_82_tablet_60_s_0.jpg,https://www.netmeds.com/non-prescriptions/swadeshi-diabt-82-no-60-s,Rs. 195.00,Rs. 300.00,35% OFF,True
Baidyanath Chandrakala Ras Tablet 10's,Mfr: Shree Baidyanath Ayurved Bhawan Pvt Ltd,https://www.netmeds.com/images/product-v1/150x150/886879/baidyanath_chandrakala_ras_tablet_10_s_0.jpg,https://www.netmeds.com/non-prescriptions/baidyanath-chandrakala-ras-tablet-40-s,Rs. 128.70,Rs. 143.00,10% OFF,True
Mustong Dragee 20'S,Mfr: Ttk Healthcare Ltd,https://www.netmeds.com/images/product-v1/150x150/346203/mustong_tablet_20_s_0.jpg,https://www.netmeds.com/non-prescriptions/mustong-tablet-20-s,Rs. 465.03,Rs. 522.50,11% OFF,True
Himalaya Bresol Tablet 60's,Mfr: Himalaya Drug Company,https://www.netmeds.com/images/product-v1/150x150/399462/bresol_tablet_60_s_0.jpg,https://www.netmeds.com/non-prescriptions/bresol-tablet-60-s,Rs. 133.50,Rs. 150.00,11% OFF,True
Aimil Purodil Tablet 30's,Mfr: Aimil Pharmaceuticals Ltd,https://www.netmeds.com/images/product-v1/150x150/800872/purodil_tablet_30s_0_0.jpg,https://www.netmeds.com/non-prescriptions/purodil-tablet-30-s,Rs. 151.30,Rs. 170.00,11% OFF,True
Aimil Amydio Forte Syrup 100 ml,Mfr: Aimil Pharmaceuticals Ltd,https://www.netmeds.com/images/product-v1/150x150/800868/amydio_forte_syrup_100ml_0.jpg,https://www.netmeds.com/non-prescriptions/amydio-forte-syrup-100ml,Rs. 93.45,Rs. 105.00,11% OFF,True
Himalaya Gokshura Tablet 60's,Mfr: Himalaya Drug Company,https://www.netmeds.com/images/product-v1/150x150/802918/himalaya_gokshura_tablet_60s_0_1.jpg,https://www.netmeds.com/non-prescriptions/himalaya-gokshura-tablet-60-s,Rs. 160.20,Rs. 180.00,11% OFF,True
Swadeshi Madhumehnashine Vati Tablet 120's,Mfr: Swadeshi,https://www.netmeds.com/images/product-v1/150x150/827488/swadeshi_madhumehnashine_vati_tablet_120_s_0.jpg,https://www.netmeds.com/non-prescriptions/swadeshi-madhumehnashine-vati-no-120-s,Rs. 133.00,Rs. 190.00,30% OFF,True
Baidyanath Basant Kusumakar Ras Tablet 25's,Mfr: Shree Baidyanath Ayurved Bhawan Pvt Ltd,https://www.netmeds.com/images/product-v1/150x150/886881/baidyanath_basant_kusumakar_ras_tablet_25_s_0.jpg,https://www.netmeds.com/non-prescriptions/baidyanath-basant-kusumakar-ras-tablet-25-s,"Rs. 1,440.00","Rs. 1,600.00",10% OFF,True
Baidyanath Basant Kusumakar Ras Tablet 50's,Mfr: Shree Baidyanath Ayurved Bhawan Pvt Ltd,https://www.netmeds.com/images/product-v1/150x150/886880/baidyanath_basant_kusumakar_ras_tablet_50_s_0.jpg,https://www.netmeds.com/non-prescriptions/baidyanath-basant-kusumakar-ras-tablet-50-s,"Rs. 2,430.00","Rs. 2,700.00",10% OFF,True
BD Ultra Fine 100IU/31G Syringe 1 x 10's,Mfr: Becton Dickinson (I) Pvt Ltd,https://www.netmeds.com/images/product-v1/150x150/821375/bd_ultra_fine_100iu_31g_syringe_1_x_10_s_0.jpg,https://www.netmeds.com/non-prescriptions/bd-ultra-fine-100iu-31g-syringe-1x10-s,Rs. 89.00,None,None,True
LIBIMAX Capsule 10's,Mfr: CUTIS BIOTECH,https://www.netmeds.com/images/product-v1/150x150/default/no_image.png,https://www.netmeds.com/non-prescriptions/libimax-capsule-10s,Rs. 106.80,Rs. 120.00,11% OFF,True
Himalaya Diarex Tablet 30's,Mfr: Himalaya Drug Company,https://www.netmeds.com/images/product-v1/150x150/303254/diarex_tablet_30_s_0.jpg,https://www.netmeds.com/non-prescriptions/diarex-tablet-30-s,Rs. 62.30,Rs. 70.00,11% OFF,True
Himalaya Diarex Syrup 100 ml,Mfr: Himalaya Drug Company,https://www.netmeds.com/images/product-v1/150x150/303255/diarex_syrup_100ml_0.jpg,https://www.netmeds.com/non-prescriptions/diarex-syrup-100ml,Rs. 57.85,Rs. 65.00,11% OFF,True
ORTHO AID Tel 100ml,Mfr: Leeford Healthcare Ltd,https://www.netmeds.com/images/product-v1/150x150/895128/ortho_aid_tel_100ml_0_1.jpg,https://www.netmeds.com/non-prescriptions/ortho-aid-tel-100ml,Rs. 222.50,Rs. 250.00,11% OFF,True
Evexia D-Manage Supplement for Diabetics Chocolate Flavor powder 200 gm,Mfr: Evexia Nutritions Pvt Ltd,https://www.netmeds.com/images/product-v1/150x150/823440/evexia_d_manage_supplement_for_diabetics_chocolate_flavor_powder_200_gm_0.jpg,https://www.netmeds.com/non-prescriptions/evexia-d-manage-chocolate-powder-200-gm,Rs. 246.50,Rs. 290.00,15% OFF,True
Evexia D-Manage Supplement for Diabetic Chocolate Flavor Powder 500 gm,Mfr: Evexia Nutritions Pvt Ltd,https://www.netmeds.com/images/product-v1/150x150/823441/evexia_d_manage_supplement_for_diabetic_chocolate_flavor_powder_500_gm_0.jpg,https://www.netmeds.com/non-prescriptions/evexia-d-manage-chocolate-500-gm,Rs. 501.50,Rs. 590.00,15% OFF,True
Kofol Lozenges - Mint Flavour 200's,Mfr: Charak Pharma Pvt Ltd,https://www.netmeds.com/images/product-v1/150x150/903335/kofol_mint_flavour_lozenges_200s_0_0.jpg,https://www.netmeds.com/non-prescriptions/kofol-mint-flavour-lozenges-200s,Rs. 200.00,None,None,True
Bioforce Blooume 11 Diabo X Drops 30 ml,Mfr: Bioforce,https://www.netmeds.com/images/product-v1/150x150/831677/bioforce_blooume_11_diabo_x_drops_30_ml_0.jpg,https://www.netmeds.com/non-prescriptions/bioforce-blooume-11-diabo-x-drops-30-ml,Rs. 140.00,None,None,True
Aloes Compound Tablet 50'S,Mfr: Alarsin Pharmaceuticals,https://www.netmeds.com/images/product-v1/150x150/313536/aloes_compound_tablet_50_s_0.jpg,https://www.netmeds.com/non-prescriptions/aloes-compound-tablet-50-s,Rs. 59.63,Rs. 67.00,11% OFF,True
Aloes Compound Tablet 100'S,Mfr: Alarsin Pharmaceuticals,https://www.netmeds.com/images/product-v1/150x150/313537/aloes_compound_tablet_100_s_0.jpg,https://www.netmeds.com/non-prescriptions/aloes-compound-tablet-100-s,Rs. 112.14,Rs. 126.00,11% OFF,True
Wanto Lact Capsule 10'S,Mfr: Ozone Ayurvedics,https://www.netmeds.com/images/product-v1/150x150/825581/wanto_lact_capsule_10_s_0.jpg,https://www.netmeds.com/non-prescriptions/wanto-lact-capsule-10-s,Rs. 129.05,Rs. 145.00,11% OFF,True
Livina Syrup 200ml,Mfr: Deys Medical Stores Mfg Ltd,https://www.netmeds.com/images/product-v1/150x150/315628/livina_syrup_200ml_0.jpg,https://www.netmeds.com/non-prescriptions/livina-syrup-200ml,Rs. 84.55,Rs. 95.00,11% OFF,True
Kairali Diaspa Capsules 60's,Mfr: Kairali Ayurvedic Products Pvt. Ltd,https://www.netmeds.com/images/product-v1/150x150/805116/kairali_diaspa_capsules_60_s_0.jpg,https://www.netmeds.com/non-prescriptions/kairali-diaspa-capsules-60-s,Rs. 222.00,None,None,True
Haslab Drox 07 Diabet Drops 30 ml,Mfr: Haslab,https://www.netmeds.com/images/product-v1/150x150/831759/haslab_drox_07_diabet_drops_30_ml_0.jpg,https://www.netmeds.com/non-prescriptions/haslab-drox-07-diabet-drops-30-ml,Rs. 150.00,None,None,True
Aimil Zymnet Plus Syrup 100 ml,Mfr: Aimil Pharmaceuticals Ltd,https://www.netmeds.com/images/product-v1/150x150/903434/zymnet_plus_syrup_100ml_0_0.jpg,https://www.netmeds.com/non-prescriptions/zymnet-plus-syrup-100ml,Rs. 107.69,Rs. 121.00,11% OFF,True
BD Ultra Fine Mini Pen Needle 5's,Mfr: Becton Dickinson (I) Pvt Ltd,https://www.netmeds.com/images/product-v1/150x150/803077/bd_ultra_fine_mini_pen_needle_5_s_0.jpg,https://www.netmeds.com/non-prescriptions/bd-ultra-fine-mini-pen-needle-5-s,Rs. 76.26,Rs. 82.00,7% OFF,True
Wanto Capsule 10'S,Mfr: Ozone Pharmaceuticals Ltd,https://www.netmeds.com/images/product-v1/150x150/848150/wanto_capsule_10s_0_0.jpg,https://www.netmeds.com/non-prescriptions/wanto-capsule-10-s,Rs. 129.05,Rs. 145.00,11% OFF,True
Himalaya Confido Tablet 60's,Mfr: Himalaya Drug Company,https://www.netmeds.com/images/product-v1/150x150/303384/confido_tablet_60_s_0.jpg,https://www.netmeds.com/non-prescriptions/confido-tablet-60-s,Rs. 124.60,Rs. 140.00,11% OFF,True
Himalaya Bonnispaz Drops 15 ml,Mfr: Himalaya Drug Company,https://www.netmeds.com/images/product-v1/150x150/401725/bonnispaz_drops_15ml_0.jpg,https://www.netmeds.com/non-prescriptions/bonnispaz-drops-15ml,Rs. 43.50,Rs. 50.00,13% OFF,True
ITIS Eye Drops 10ml,Mfr: Ozone Ayurvedics,https://www.netmeds.com/images/product-v1/150x150/901427/itis_eye_drops_10ml_0_0.jpg,https://www.netmeds.com/non-prescriptions/itis-eye-drops-10ml,Rs. 57.85,Rs. 65.00,11% OFF,True
Dr.Morepen Gluco One Blood Glucose Monitor (BG03),Mfr: Morepen Laboratories Ltd,https://www.netmeds.com/images/product-v1/150x150/407898/dr_morepen_gluco_one_blood_glucose_monitor_bg03_0.jpg,https://www.netmeds.com/non-prescriptions/dr-morepen-gluco-one-blood-glucose-monitor-bg03,Rs. 819.50,"Rs. 1,490.00",45% OFF,True
Orthocure Tablet 30'S,Mfr: Avis Healthcare Pvt Ltd,https://www.netmeds.com/images/product-v1/150x150/328026/orthocure_tablet_30_s_0.jpg,https://www.netmeds.com/non-prescriptions/orthocure-tablet-30-s,Rs. 142.40,Rs. 160.00,11% OFF,True
PEPHEP Capsule 10's,Mfr: Dr Palep’S Medical Research Foundation Pvt Ltd,https://www.netmeds.com/images/product-v1/150x150/403868/pephep_capsule_10s_0_0.jpg,https://www.netmeds.com/non-prescriptions/pephep-capsule-10s,Rs. 35.60,Rs. 40.00,11% OFF,True
Keratone Oil 100ml,Mfr: Fem Care Pharma Ltd,https://www.netmeds.com/images/product-v1/150x150/326043/keratone_oil_100ml_0.jpg,https://www.netmeds.com/non-prescriptions/keratone-oil-100ml,Rs. 164.65,Rs. 185.00,11% OFF,True
INLIFE Diastan Plus Diabetic Care Powder 300 gm,Mfr: Inlife Pharma Pvt Ltd,https://www.netmeds.com/images/product-v1/150x150/858539/inlife_diastan_plus_diabetic_care_powder_300_gm_0.jpg,https://www.netmeds.com/non-prescriptions/inlife-diastan-plus-powder-diabetes-care-ayurvedic-herbal-powder-300-gm,Rs. 359.10,Rs. 900.00,60.1% OFF,True
MENOTRACK Tablet 10's,Mfr: Alchem Phytoceuticals Ltd,https://www.netmeds.com/images/product-v1/150x150/899498/menotrack_tablet_10s_0_0.jpg,https://www.netmeds.com/non-prescriptions/menotrack-tablet-10-s,Rs. 312.39,Rs. 351.00,11% OFF,True
Dabur Glycodab Tablet 60's,Mfr: Dabur India Ltd,https://www.netmeds.com/images/product-v1/150x150/414143/dabur_glycodab_tablet_60_s_0.jpg,https://www.netmeds.com/non-prescriptions/dabur-glycodab-tablet-60-s,Rs. 307.28,Rs. 334.00,8% OFF,True
Himalaya Renalka Syrup 100 ml,Mfr: Himalaya Drug Company,https://www.netmeds.com/images/product-v1/150x150/342463/renalka_syrup_100ml_0.jpg,https://www.netmeds.com/non-prescriptions/renalka-syrup-100ml,Rs. 66.75,Rs. 75.00,11% OFF,True
FLEXINOVA Gel 30gm,Mfr: Pharmanova Specialties Pvt Ltd,https://www.netmeds.com/images/product-v1/150x150/895437/flexinova_gel_30gm_0_0.jpg,https://www.netmeds.com/non-prescriptions/flexinova-gel-30gm,Rs. 133.50,Rs. 150.00,11% OFF,True
20 Microns Herbal Dia-B-Micron Tablet 60's,Mfr: Hindustan Biosynth Limited,https://www.netmeds.com/images/product-v1/150x150/885210/20_microns_herbal_dia_b_micron_tablet_60_s_0.jpg,https://www.netmeds.com/non-prescriptions/20-microns-herbal-dia-b-micron-tablet-60-s,Rs. 204.00,Rs. 240.00,15% OFF,True
ARTHRODOL Tablet 10's,Mfr: Dr Palep’S Medical Research Foundation Pvt Ltd,https://www.netmeds.com/images/product-v1/150x150/338396/arthrodol_tablet_10s_0_0.jpg,https://www.netmeds.com/non-prescriptions/arthrodol-tablet-10s,Rs. 40.05,Rs. 45.00,11% OFF,True
20 Microns Herbal Dia-B-Micron Forte Tablet 30's,Mfr: Hindustan Biosynth Limited,https://www.netmeds.com/images/product-v1/150x150/885207/20_microns_herbal_dia_b_micron_forte_tablet_30_s_0.jpg,https://www.netmeds.com/non-prescriptions/20-microns-herbal-dia-b-micron-forte-tablet-30-s,Rs. 229.50,Rs. 270.00,15% OFF,True
20 Microns Herbal Dia-B-Micron Forte Tablet 60's,Mfr: Hindustan Biosynth Limited,https://www.netmeds.com/images/product-v1/150x150/885206/20_microns_herbal_dia_b_micron_forte_tablet_60_s_0.jpg,https://www.netmeds.com/non-prescriptions/20-microns-herbal-dia-b-micron-forte-tablet-60-s,Rs. 408.00,Rs. 480.00,15% OFF,True
Sallaki Ointment 30gm,Mfr: GUFIC BIOSCIENCES LIMITED,https://www.netmeds.com/images/product-v1/150x150/322008/sallaki_ointment_30gm_0_0.jpg,https://www.netmeds.com/non-prescriptions/sallaki-ointment-30gm,Rs. 80.10,Rs. 90.00,11% OFF,True
20 Microns Herbal Clove Extract Capsule 60's,Mfr: Hindustan Biosynth Limited,https://www.netmeds.com/images/product-v1/150x150/885222/20_microns_herbal_clove_extract_capsule_60_s_0.jpg,https://www.netmeds.com/non-prescriptions/20-microns-herbal-clove-extract-capsule-60-s,Rs. 382.50,Rs. 450.00,15% OFF,True
20 Microns Herbal Karela Extract Capsules 60's,Mfr: Hindustan Biosynth Limited,https://www.netmeds.com/images/product-v1/150x150/885216/20_microns_herbal_karela_extract_capsules_60_s_0.jpg,https://www.netmeds.com/non-prescriptions/20-microns-herbal-karela-extract-capsules-60-s,Rs. 297.50,Rs. 350.00,15% OFF,True
Dr.Willmar Schwabe Syzygium Jambolanum Q Liquid 30 ml,Mfr: Dr Willmar Schwabe,https://www.netmeds.com/images/product-v1/150x150/856569/dr_willmar_schwabe_syzygium_jambolanum_q_liquid_30_ml_0.jpg,https://www.netmeds.com/non-prescriptions/dr-willmar-schwabe-syzygium-jambolanum-q-liquid-30-ml,Rs. 100.00,None,None,True
Himalaya Purim Tablet 60's,Mfr: Himalaya Drug Company,https://www.netmeds.com/images/product-v1/150x150/399858/purim_tablet_60_s_0.jpg,https://www.netmeds.com/non-prescriptions/purim-tablet-60-s,Rs. 89.00,Rs. 100.00,11% OFF,True
Himalaya Karela Tablet 60's,Mfr: Himalaya Drug Company,https://www.netmeds.com/images/product-v1/150x150/840207/himalaya_karela_tablet_60_s_0.jpg,https://www.netmeds.com/non-prescriptions/himalaya-karela-tablets-200-ml,Rs. 130.50,Rs. 150.00,13% OFF,True
Aimil Zymnet Plus Syrup 200 ml,Mfr: Aimil Pharmaceuticals Ltd,https://www.netmeds.com/images/product-v1/150x150/899595/zymnet_plus_syrup_200ml_0_0.jpg,https://www.netmeds.com/non-prescriptions/zymnet-plus-syrup-200ml,Rs. 194.02,Rs. 218.00,11% OFF,True
Lunarex Forte Capsule 20'S,Mfr: Charak Pharma Pvt Ltd,https://www.netmeds.com/images/product-v1/150x150/410122/lunarex_forte_capsule_20_s_0.jpg,https://www.netmeds.com/non-prescriptions/lunarex-forte-capsule-20-s,Rs. 104.13,Rs. 117.00,11% OFF,True
Arjunin Capsule 20'S,Mfr: Charak Pharma Pvt Ltd,https://www.netmeds.com/images/product-v1/150x150/410123/arjunin_capsule_20s_0_0.jpg,https://www.netmeds.com/non-prescriptions/arjunin-capsule-20-s,Rs. 106.80,Rs. 120.00,11% OFF,True
GYNOCARE Capsule 10's,Mfr: Dr Palep’S Medical Research Foundation Pvt Ltd,https://www.netmeds.com/images/product-v1/150x150/307757/gynocare_capsule_10s_0_1.jpg,https://www.netmeds.com/non-prescriptions/gynocare-capsule-10s,Rs. 80.10,Rs. 90.00,11% OFF,True
Himalaya Lukol Tablet 60's,Mfr: Himalaya Drug Company,https://www.netmeds.com/images/product-v1/150x150/397867/lukol_tablet_60_s_0.jpg,https://www.netmeds.com/non-prescriptions/lukol-tablet-60-s,Rs. 124.60,Rs. 140.00,11% OFF,True
REJUSPERMIN Capsule 10's,Mfr: Dr Palep’S Medical Research Foundation Pvt Ltd,https://www.netmeds.com/images/product-v1/150x150/899643/rejuspermin_capsule_10s_0_0.jpg,https://www.netmeds.com/non-prescriptions/rejuspermin-capsule-10-s,Rs. 80.10,Rs. 90.00,11% OFF,True
Contour TS Blood Glucose Test Strips 25's,Mfr: Ascensia Diabetes Care,https://www.netmeds.com/images/product-v1/150x150/356937/contour_ts_blood_glucose_test_strips_25_s_0.jpg,https://www.netmeds.com/non-prescriptions/contour-ts-blood-glucose-test-strip-25-s,Rs. 700.00,None,None,True
Conjoint Capsule 10'S,Mfr: Medley Pharmaceuticals Pvt Ltd,https://www.netmeds.com/images/product-v1/150x150/834137/conjoint_capsule_10s_0_0.jpg,https://www.netmeds.com/non-prescriptions/conjoint-capsule-10-s,Rs. 168.21,Rs. 189.00,11% OFF,True
Lama Karela Churn Powder 100 gm,Mfr: Lama Pharmaceuticals,https://www.netmeds.com/images/product-v1/150x150/905897/lama_karela_churn_powder_100_gm_0_1.jpg,https://www.netmeds.com/non-prescriptions/lama-karela-churn-powder-100-gm,Rs. 48.75,Rs. 65.00,25% OFF,True
Lama Diabihar Granules 100 gm,Mfr: Lama Pharmaceuticals,https://www.netmeds.com/images/product-v1/150x150/905913/lama_diabihar_granules_100_gm_0_2.jpg,https://www.netmeds.com/non-prescriptions/lama-diabihar-granules-100-gm,Rs. 112.50,Rs. 150.00,25% OFF,True
Aimil Amystop G Capsule 20's,Mfr: Aimil Pharmaceuticals Ltd,https://www.netmeds.com/images/product-v1/150x150/903867/amystop_g_capsule_20s_0_3.jpg,https://www.netmeds.com/non-prescriptions/amystop-g-capsule-20s,Rs. 132.61,Rs. 149.00,11% OFF,True
SBL Dibonil Tablets 25 gm,Mfr: Sbl Pvt Ltd,https://www.netmeds.com/images/product-v1/150x150/821937/sbl_dibonil_tablets_25_gm_0.jpg,https://www.netmeds.com/non-prescriptions/sbl-dibonil-tab-25gm,Rs. 140.00,None,None,True
Lord's Trituration Uranium Nit 3X Tablet 450 gm,Mfr: Lord's Homeopathic Laboratory Pvt.Ltd,https://www.netmeds.com/images/product-v1/150x150/901836/lords_trituration_uranium_nit_3x_tablet_450_gm_0_0.jpg,https://www.netmeds.com/non-prescriptions/lords-trituration-uranium-nit-3x-tablet-450-gm,"Rs. 2,290.00",None,None,True
Lord's Trituration Uranium Nit 6X Tablet 450 gm,Mfr: Lord's Homeopathic Laboratory Pvt.Ltd,https://www.netmeds.com/images/product-v1/150x150/901835/lords_trituration_uranium_nit_6x_tablet_450_gm_0_0.jpg,https://www.netmeds.com/non-prescriptions/lords-trituration-uranium-nit-6x-tablet-450-gm,Rs. 840.00,None,None,True
APTISYP Syrup 175ml,Mfr: Macleods Pharmaceuticals Pvt Ltd,https://www.netmeds.com/images/product-v1/150x150/887533/aptisyp_syrup_175ml_0_0.jpg,https://www.netmeds.com/non-prescriptions/aptisyp-syrup-175ml,Rs. 93.45,Rs. 105.00,11% OFF,True
Femiforte Tablet 30'S,Mfr: Charak Pharma Pvt Ltd,https://www.netmeds.com/images/product-v1/150x150/369381/femiforte_tablet_30_s_0.jpg,https://www.netmeds.com/non-prescriptions/femiforte-tablet-30-s,Rs. 80.10,Rs. 90.00,11% OFF,True
R Compound Tablet 100'S,Mfr: Alarsin Pharmaceuticals,https://www.netmeds.com/images/product-v1/150x150/367336/r_compound_tablet_100_s_0.jpg,https://www.netmeds.com/non-prescriptions/r-compound-tablet-100-s,Rs. 164.65,Rs. 185.00,11% OFF,True
Wheezal Wl-11 Diabetes Drops 30ML,Mfr: Wheezal Laboratories Pvt Ltd,https://www.netmeds.com/images/product-v1/150x150/852706/wheezal_wl_11_diabetes_drops_30ml_0_0.jpg,https://www.netmeds.com/non-prescriptions/wheezal-wl-11-diabetes-drops-30ml,Rs. 145.00,None,None,True
Himalaya Geriforte Tablet 100's,Mfr: Himalaya Drug Company,https://www.netmeds.com/images/product-v1/150x150/402167/geriforte_tablet_100_s_0.jpg,https://www.netmeds.com/non-prescriptions/geriforte-tablet-100-s,Rs. 124.60,Rs. 140.00,11% OFF,True
Inducare BSL 150 Syrup 450 ml,Mfr: Inducare Pharma Pvt Ltd,https://www.netmeds.com/images/product-v1/150x150/856851/inducare_bsl_150_syrup_450_ml_0.jpg,https://www.netmeds.com/non-prescriptions/inducare-bsl-150-syrup-450-ml,Rs. 280.00,None,None,True
Aimil Amlycure Syrup 200 ml,Mfr: Aimil Pharmaceuticals Ltd,https://www.netmeds.com/images/product-v1/150x150/310043/amlycure_syrup_200ml_0_0.jpg,https://www.netmeds.com/non-prescriptions/amlycure-syrup-200ml,Rs. 161.09,Rs. 181.00,11% OFF,True
Aimil Muscalt Forte Tablet 500's,Mfr: Aimil Pharmaceuticals Ltd,https://www.netmeds.com/images/product-v1/150x150/903979/muscalt_forte_tablet_500s_0_0.jpg,https://www.netmeds.com/non-prescriptions/muscalt-forte-tablet-500s,"Rs. 1,846.75","Rs. 2,075.00",11% OFF,True
Aimil Memtone Tablet 100's,Mfr: Aimil Pharmaceuticals Ltd,https://www.netmeds.com/images/product-v1/150x150/903978/memtone_tablet_100s_0_1.jpg,https://www.netmeds.com/non-prescriptions/memtone-tablet-100s,Rs. 265.22,Rs. 298.00,11% OFF,True
Jindal Herbal Madhunasini 500 mg Tablet 60's,Mfr: Jindal Naturecare Limited,https://www.netmeds.com/images/product-v1/150x150/887613/jindal_herbal_madhunasini_500_mg_tablet_60_s_0.jpg,https://www.netmeds.com/non-prescriptions/jindal-herbal-madhunasini-500-mg-tablet-60-s,Rs. 235.00,None,None,True
Himalaya Herbolax Tablet 100's,Mfr: Himalaya Drug Company,https://www.netmeds.com/images/product-v1/150x150/369461/herbolax_tablet_100_s_0.jpg,https://www.netmeds.com/non-prescriptions/herbolax-tablet-100-s,Rs. 102.35,Rs. 115.00,11% OFF,True
Himalaya Herbolax Capsule 10's,Mfr: Himalaya Drug Company,https://www.netmeds.com/images/product-v1/150x150/369462/herbolax_capsule_10_s_0.jpg,https://www.netmeds.com/non-prescriptions/herbolax-capsule-10-s,Rs. 40.05,Rs. 45.00,11% OFF,True
Obicure Plus Capsule 30'S,Mfr: Eris Lifesciences Ltd,https://www.netmeds.com/images/product-v1/150x150/326451/obicure_plus_capsule_30_s_0.jpg,https://www.netmeds.com/non-prescriptions/obicure-plus-capsule-30-s,Rs. 699.99,Rs. 786.50,11% OFF,True
Himalaya Rumalaya Tablet 60's,Mfr: Himalaya Drug Company,https://www.netmeds.com/images/product-v1/150x150/344893/rumalaya_tablet_60_s_0.jpg,https://www.netmeds.com/non-prescriptions/rumalaya-tablet-60-s,Rs. 111.25,Rs. 125.00,11% OFF,True
Himalaya Rumalaya Forte Tablet 30's,Mfr: Himalaya Drug Company,https://www.netmeds.com/images/product-v1/150x150/344892/rumalaya_forte_tablet_30_s_0.jpg,https://www.netmeds.com/non-prescriptions/rumalaya-forte-tablet-30-s,Rs. 133.50,Rs. 150.00,11% OFF,True
Rex Shakrino Tablet 40's,Mfr: Rex Remedies Ltd,https://www.netmeds.com/images/product-v1/150x150/834358/rex_shakrino_tablet_40s_0_0.jpg,https://www.netmeds.com/non-prescriptions/rex-shakrino-tablet-40-s,Rs. 235.00,None,None,True
Himalaya Rumalaya Gel 30 gm,Mfr: Himalaya Drug Company,https://www.netmeds.com/images/product-v1/150x150/344895/rumalaya_gel_30gm_0.jpg,https://www.netmeds.com/non-prescriptions/rumalaya-gel-30gm,Rs. 80.10,Rs. 90.00,11% OFF,True
Aimil Neeri Tablet 1000's,Mfr: Aimil Pharmaceuticals Ltd,https://www.netmeds.com/images/product-v1/150x150/903985/neeri_tablet_1000s_0_0.jpg,https://www.netmeds.com/non-prescriptions/neeri-tablet-1000s,"Rs. 3,141.70","Rs. 3,530.00",11% OFF,True
Planet Ayurveda Gymnema Sylvestre Capsules 60's,Mfr: Planet Ayurveda,https://www.netmeds.com/images/product-v1/150x150/824139/planet_ayurveda_gymnema_sylvestre_capsules_60_s_0.jpg,https://www.netmeds.com/non-prescriptions/planet-ayurveda-gymnema-sylvestre-capsules-60-s,"Rs. 1,039.50","Rs. 1,350.00",23% OFF,True
Planet Ayurveda Fenugreek Capsules 60's,Mfr: Planet Ayurveda,https://www.netmeds.com/images/product-v1/150x150/824135/planet_ayurveda_fenugreek_capsules_60_s_0.jpg,https://www.netmeds.com/non-prescriptions/planet-ayurveda-fenugreek-capsules-60-s,"Rs. 1,039.50","Rs. 1,350.00",23% OFF,True
Planet Ayurveda Dia Beta Plus Capsules 60's,Mfr: Planet Ayurveda,https://www.netmeds.com/images/product-v1/150x150/824130/planet_ayurveda_dia_beta_plus_capsules_60_s_0.jpg,https://www.netmeds.com/non-prescriptions/planet-ayurveda-dia-beta-plus-capsules-60-s,"Rs. 1,039.50","Rs. 1,350.00",23% OFF,True
MANOLL NATURAL HEALTH Tonic 400gm,Mfr: Charak Pharma Pvt Ltd,https://www.netmeds.com/images/product-v1/150x150/899906/manoll_natural_health_tonic_400gm_0_0.jpg,https://www.netmeds.com/non-prescriptions/manoll-natural-health-tonic-400gm,Rs. 155.75,Rs. 175.00,11% OFF,True
Planet Ayurveda Phyllanthus Niruri Capsules 60's,Mfr: Planet Ayurveda,https://www.netmeds.com/images/product-v1/150x150/824154/planet_ayurveda_phyllanthus_niruri_capsules_60_s_0.jpg,https://www.netmeds.com/non-prescriptions/planet-ayurveda-phyllanthus-niruri-capsules-60-s,"Rs. 1,039.50","Rs. 1,350.00",23% OFF,True
ENTEROPAN Capsule 10's,Mfr: Dr Palep’S Medical Research Foundation Pvt Ltd,https://www.netmeds.com/images/product-v1/150x150/899930/enteropan_capsule_10s_0_0.jpg,https://www.netmeds.com/non-prescriptions/enteropan-capsule-10s,Rs. 40.05,Rs. 45.00,11% OFF,True
Planet Ayurveda Diableen Capsules 60's,Mfr: Planet Ayurveda,https://www.netmeds.com/images/product-v1/150x150/824174/planet_ayurveda_diableen_capsules_60_s_0.jpg,https://www.netmeds.com/non-prescriptions/planet-ayurveda-diableen-capsules-60-s,"Rs. 1,215.00","Rs. 1,350.00",10% OFF,True
Lord's Trituration Uranium Nit 6X Tablet 25 gm,Mfr: Lord's Homeopathic Laboratory Pvt.Ltd,https://www.netmeds.com/images/product-v1/150x150/901999/lords_trituration_uranium_nit_6x_tablet_25_gm_0_0.jpg,https://www.netmeds.com/non-prescriptions/lords-trituration-uranium-nit-6x-tablet-25-gm,Rs. 150.00,None,None,True
Aimil Lukoskin Combo (Ointment 40 gm + Oral Liquid 100 ml),Mfr: Aimil Pharmaceuticals Ltd,https://www.netmeds.com/images/product-v1/150x150/412524/lukoskin_ointment_40gm_oral_liquid_100ml_0.jpg,https://www.netmeds.com/non-prescriptions/lukoskin-ointment-40gm-oral-liquid-100ml,Rs. 756.50,Rs. 850.00,11% OFF,True
BD Ultra Fine Nano Pen 5's,Mfr: Becton Dickinson (I) Pvt Ltd,https://www.netmeds.com/images/product-v1/150x150/367464/bd_ultra_fine_nano_pen_5_s_0.jpg,https://www.netmeds.com/non-prescriptions/bd-ultra-fine-nano-pen-needle-1-s,Rs. 69.70,Rs. 82.00,15% OFF,True
Himalaya Bresol Syrup 200 ml,Mfr: Himalaya Drug Company,https://www.netmeds.com/images/product-v1/150x150/412520/bresol_syrup_200ml_0.jpg,https://www.netmeds.com/non-prescriptions/bresol-syrup-200ml,Rs. 106.80,Rs. 120.00,11% OFF,True
Pilants Capsule 10'S,Mfr: Unichem Laboratories Ltd,https://www.netmeds.com/images/product-v1/150x150/367472/pilants_capsule_10_s_0.jpg,https://www.netmeds.com/non-prescriptions/pilants-capsule-10-s,Rs. 131.63,Rs. 147.90,11% OFF,True
Apispur Syrup 175ml,Mfr: Indoco Remedies Ltd,https://www.netmeds.com/images/product-v1/150x150/301939/apispur_syrup_175ml_0.jpg,https://www.netmeds.com/non-prescriptions/apispur-syrup-175ml,Rs. 101.46,Rs. 114.00,11% OFF,True
Lord's Trituration Uranium Nit 3X Tablet 25 gm,Mfr: Lord's Homeopathic Laboratory Pvt.Ltd,https://www.netmeds.com/images/product-v1/150x150/902004/lords_trituration_uranium_nit_3x_tablet_25_gm_0_0.jpg,https://www.netmeds.com/non-prescriptions/lords-trituration-uranium-nit-3x-tablet-25-gm,Rs. 150.00,None,None,True
Zevic Stevia Zero Calorie Liquid 15 ml,Mfr: Zevic,https://www.netmeds.com/images/product-v1/150x150/826255/zevic_stevia_zero_calorie_liquid_15_ml_0.jpg,https://www.netmeds.com/non-prescriptions/zevic-stevia-zero-calorie-liquid-drops-250-s,Rs. 195.30,Rs. 217.00,10% OFF,True
Himalaya Liv.52 Drops 100 ml,Mfr: Himalaya Drug Company,https://www.netmeds.com/images/product-v1/150x150/406413/liv_52_drops_100ml_0.jpg,https://www.netmeds.com/non-prescriptions/liv-52-drops-100ml,Rs. 102.35,Rs. 115.00,11% OFF,True
Himalaya Septilin Drops 60 ml,Mfr: Himalaya Drug Company,https://www.netmeds.com/images/product-v1/150x150/361352/septilin_drops_60ml_0_0.jpg,https://www.netmeds.com/non-prescriptions/septilin-drops-60ml,Rs. 62.30,Rs. 70.00,11% OFF,True
Rex Kalonji Oil 50 ml,Mfr: Rex Remedies Ltd,https://www.netmeds.com/images/product-v1/150x150/834460/rex_kalonji_oil_50_ml_0.jpg,https://www.netmeds.com/non-prescriptions/rex-kalonji-oil-50-ml,Rs. 170.00,None,None,True
Rex Kalonji Oil 100 ml,Mfr: Rex Remedies Ltd,https://www.netmeds.com/images/product-v1/150x150/834461/rex_kalonji_oil_100_ml_0.jpg,https://www.netmeds.com/non-prescriptions/rex-kalonji-oil-100-ml,Rs. 320.00,None,None,True
Rex Kalonji Oil 200 ml,Mfr: Rex Remedies Ltd,https://www.netmeds.com/images/product-v1/150x150/834462/rex_kalonji_oil_200_ml_0.jpg,https://www.netmeds.com/non-prescriptions/rex-kalonji-oil-200-ml,Rs. 610.00,None,None,True
Zevic Stevia Tablet 100's,Mfr: Zevic,https://www.netmeds.com/images/product-v1/150x150/826256/zevic_stevia_tablet_100_s_0.jpg,https://www.netmeds.com/non-prescriptions/zevic-stevia-white-tablet-28-gm,Rs. 121.50,Rs. 135.00,10% OFF,True
Zevic Stevia Zero Calorie Sachets 30's,Mfr: Zevic,https://www.netmeds.com/images/product-v1/150x150/826257/zevic_stevia_zero_calorie_sachets_30_s_0.jpg,https://www.netmeds.com/non-prescriptions/zevic-stevia-zero-calorie-sachets-30-s,Rs. 99.00,Rs. 110.00,10% OFF,True
Zevic Stevia Zero Calorie Powder 100 gm,Mfr: Zevic,https://www.netmeds.com/images/product-v1/150x150/826259/zevic_stevia_zero_calorie_powder_100_gm_0.jpg,https://www.netmeds.com/non-prescriptions/zevic-stevia-zero-calorie-powder-100-gm,Rs. 140.40,Rs. 180.00,22% OFF,True
NutrActive Karela Jamun Powder 150 gm,Mfr: Almighty Agro Industry,https://www.netmeds.com/images/product-v1/150x150/912301/nutractive_karela_jamun_powder_150_gm_0_0.jpg,https://www.netmeds.com/non-prescriptions/nutractive-karela-jamun-powder-150-gm,Rs. 299.00,None,None,True
NutrActive Jamun Powder 150 gm,Mfr: Almighty Agro Industry,https://www.netmeds.com/images/product-v1/150x150/912300/nutractive_jamun_powder_150_gm_0_0.jpg,https://www.netmeds.com/non-prescriptions/nutractive-jamun-powder-150-gm,Rs. 249.00,None,None,True
Contour TS Blood Glucose Test Strips 10's,Mfr: Ascensia Diabetes Care,https://www.netmeds.com/images/product-v1/150x150/357287/contour_ts_blood_glucose_test_strips_10_s_0.jpg,https://www.netmeds.com/non-prescriptions/contour-ts-blood-glucose-test-strips-10-s,Rs. 380.00,None,None,True
Dr.Morepen Gluco One Blood Glucose Test Strips 25's (BG03),Mfr: Morepen Laboratories Ltd,https://www.netmeds.com/images/product-v1/150x150/408485/dr_morepen_gluco_one_blood_glucose_test_strips_25_s_bg03_0.jpg,https://www.netmeds.com/non-prescriptions/dr-morepen-gluco-one-blood-glucose-test-strips-25-s-bg03,Rs. 474.05,Rs. 499.00,5% OFF,True
Natures Velvet Fenugreek Pure Extract 500 mg Capsules 60's,Mfr: Natures Velvet Lifecare,https://www.netmeds.com/images/product-v1/150x150/828382/natures_velvet_fenugreek_pure_extract_500_mg_capsules_60_s_0.jpg,https://www.netmeds.com/non-prescriptions/natures-velvet-lifecare-fenugreek-pure-extract-500-mg-capsules-60-s,Rs. 400.00,Rs. 800.00,50% OFF,True
LACTARE CARDAMOM DELIGHT Granules 250gm,Mfr: Ttk Healthcare Ltd,https://www.netmeds.com/images/product-v1/150x150/900050/lactare_cardamom_delight_granules_250gm_0_1.jpg,https://www.netmeds.com/non-prescriptions/lactare-cardamom-delight-granules-250gm,Rs. 298.54,Rs. 324.50,8% OFF,True
Kerala Ayurveda Nisakathakadi Kwath Tablet 100's,Mfr: Kerala Ayurveda Ltd,https://www.netmeds.com/images/product-v1/150x150/859117/kerala_ayurveda_nisakathakadi_kwath_tablet_100_s_0.jpg,https://www.netmeds.com/non-prescriptions/kerala-ayurveda-nisakathakadi-kwath-tablet-100-s,Rs. 327.25,Rs. 385.00,15% OFF,True
Natures Velvet Karela Pure Extract 500 mg Capsules 60's,Mfr: Natures Velvet Lifecare,https://www.netmeds.com/images/product-v1/150x150/828398/natures_velvet_karela_pure_extract_500_mg_capsules_60_s_0.jpg,https://www.netmeds.com/non-prescriptions/natures-velvet-lifecare-karela-pure-extract-500-mg-capsules-60-s,Rs. 396.00,Rs. 600.00,34% OFF,True
Natures Velvet Gymnema Sylvestre Pure Extract 500 mg Capsules 60's,Mfr: Natures Velvet Lifecare,https://www.netmeds.com/images/product-v1/150x150/828392/natures_velvet_gymnema_sylvestre_pure_extract_500_mg_capsules_60_s_0.jpg,https://www.netmeds.com/non-prescriptions/natures-velvet-lifecare-gymnema-sylvestre-pure-extract-500-mg-capsules-60-s,Rs. 400.00,"Rs. 1,000.00",60% OFF,True
Natures Velvet Jamun Pure Extract 500 mg Capsules 60's,Mfr: Natures Velvet Lifecare,https://www.netmeds.com/images/product-v1/150x150/828395/natures_velvet_jamun_pure_extract_500_mg_capsules_60_s_0.jpg,https://www.netmeds.com/non-prescriptions/natures-velvet-lifecare-jamun-pure-extract-500-mg-capsules-60-s,Rs. 400.00,Rs. 800.00,50% OFF,True
VEDICTUS Syrup 100ml,Mfr: Hegde & Hegde Pharmaceutica Llp,https://www.netmeds.com/images/product-v1/150x150/914405/vedictus_syrup_100ml_0_0.jpg,https://www.netmeds.com/non-prescriptions/vedictus-syrup-100ml,Rs. 70.31,Rs. 79.00,11% OFF,True
VEDICTUS EX Cough Syrup 100ml,Mfr: Hegde & Hegde Pharmaceutica Llp,https://www.netmeds.com/images/product-v1/150x150/914402/vedictus_ex_cough_syrup_100ml_0_0.jpg,https://www.netmeds.com/non-prescriptions/vedictus-ex-cough-syrup-100ml,Rs. 74.76,Rs. 84.00,11% OFF,True
Himalaya Himplasia Tablet 30's,Mfr: Himalaya Drug Company,https://www.netmeds.com/images/product-v1/150x150/388141/himplasia_tablet_30_s_0.jpg,https://www.netmeds.com/non-prescriptions/himplasia-tablet-30-s,Rs. 142.40,Rs. 160.00,11% OFF,True
Aimil Amyron Tablet 30's,Mfr: Aimil Pharmaceuticals Ltd,https://www.netmeds.com/images/product-v1/150x150/853042/amyron_tablet_30s_0_0.jpg,https://www.netmeds.com/non-prescriptions/amyron-tablet-30-s,Rs. 160.20,Rs. 180.00,11% OFF,True
So Sweet 100% Natural 0% Calories Sweetener Xylitol Powder 250 gm,Mfr: Herboveda India,https://www.netmeds.com/images/product-v1/150x150/828492/so_sweet_100_natural_0_calories_sweetener_xylitol_powder_250_gm_0.jpg,https://www.netmeds.com/non-prescriptions/so-sweet-100-natural-sugarfree-sweetener-xylitol-powder-250-gm,Rs. 262.50,Rs. 350.00,25% OFF,True
So Sweet 100% Natural 0% Calories Sweetener Stevia Combo Gift Pack,Mfr: Herboveda India,https://www.netmeds.com/images/product-v1/150x150/828493/so_sweet_100_natural_0_calories_sweetener_stevia_combo_gift_pack_0.jpg,https://www.netmeds.com/non-prescriptions/so-sweet-100-natural-sugarfree-sweetener-stevia-combo-of-100-stevia-tablets-100gm-spoonable-50-stevia-sachets-1-liquid-drop-100-drops-combo-gift-pack-1-s,Rs. 397.50,Rs. 530.00,25% OFF,True
So Sweet 100% Natural 0% Calories Sweetener Tablets 500's,Mfr: Herboveda India,https://www.netmeds.com/images/product-v1/150x150/828494/so_sweet_100_natural_0_calories_sweetener_tablets_500_s_0.jpg,https://www.netmeds.com/non-prescriptions/so-sweet-100-natural-sugarfree-sweetener-tablets-tablets-500-s,Rs. 337.50,Rs. 450.00,25% OFF,True
Patanjali Trivang Bhasma Powder 5 gm,Mfr: Patanjali Ayurved Ltd,https://www.netmeds.com/images/product-v1/150x150/801865/patanjali_trivang_bhasma_powder_5_gm_0.jpg,https://www.netmeds.com/non-prescriptions/trivang-bhasma-powder-5gm,Rs. 25.00,None,None,True
So Sweet 100% Natural 0% Calories Sweetener Liquid 100 Drops 5 ml,Mfr: Herboveda India,https://www.netmeds.com/images/product-v1/150x150/828489/so_sweet_100_natural_0_calories_sweetener_liquid_100_drops_5_ml_0.jpg,https://www.netmeds.com/non-prescriptions/so-sweet-100-natural-sugarfree-sweetener-liquid-100-drops-5-ml,Rs. 41.25,Rs. 55.00,25% OFF,True
Adel 18 Glucorect Drops 20 ml,Mfr: Adel Pekana Germany,https://www.netmeds.com/images/product-v1/150x150/846922/adel_18_glucorect_drops_20_ml_0.jpg,https://www.netmeds.com/non-prescriptions/adel-18-glucorect-20-ml,Rs. 270.00,None,None,True
So Sweet 100% Natural Sugarfree Sweetener Stevia Sachet 50's,Mfr: Herboveda India,https://www.netmeds.com/images/product-v1/150x150/828490/so_sweet_100_natural_sugarfree_sweetener_stevia_sachet_50s_0_1.jpg,https://www.netmeds.com/non-prescriptions/so-sweet-100-natural-sugarfree-sweetener-sachets-sachet-50-s,Rs. 127.50,Rs. 170.00,25% OFF,True
So Sweet 100% Natural 0% Calories Sweetener Erythritol Powder 250 gm,Mfr: Herboveda India,https://www.netmeds.com/images/product-v1/150x150/828491/so_sweet_100_natural_0_calories_sweetener_erythritol_powder_250_gm_0.jpg,https://www.netmeds.com/non-prescriptions/so-sweet-100-natural-sugarfree-sweetener-erythritol-powder-250-gm,Rs. 187.50,Rs. 250.00,25% OFF,True
So Sweet 100% Natural Sugarfree Sweetener Stevia Leaf 25 gm,Mfr: Herboveda India,https://www.netmeds.com/images/product-v1/150x150/828487/so_sweet_100_natural_sugarfree_sweetener_leaves_25_gm_0.jpg,https://www.netmeds.com/non-prescriptions/so-sweet-100-natural-sugarfree-sweetener-leaves-25-gm,Rs. 48.75,Rs. 65.00,25% OFF,True
